V1,V2,V3,V4,V5,V6,V7,V8,V9,V10,V11,V12,V13,V14,V15,V16,V17,V18,V19,V20,V21,V22,V23,V24,V25,V26,V27,V28,V29,V30,V31,V32,V33,V34,V35,V36,V37,V38,V39,V40,V41,V42,V43,V44,V45,V46,V47,V48,V49,V50,V51,V52,V53,V54,V55,V56,V57,V58,V59,V60,V61,LocationLatitude,LocationLongitude,LocationAccuracy,
ResponseID,ResponseSet,Name,ExternalDataReference,EmailAddress,IPAddress,Status,StartDate,EndDate,Finished,Informed Consent / This questionnaire is from Maastricht University and is a study / about condom use...,What is your age?,You are directed here because you /  indicated that you are aged above 26 years of age. As we /  expl...,What is your sex?,Which country do you come from?,Have you had any sexual experiences in the past five years?,"You are not able to / fill in this questionnaire, because some questions are about / earlier sex part...","All behavior is about condom use with a new partner. This can be a / new girl/boyfriend, or a casua...",I intend to always use a condom with a new partner.,I am willing to always use a condom with a / new partner.,I expect to always use a condom with a new partner,"When you have sex with a new partner, how often to you use / condoms?",My always using a condom with a new partner is...-Bad:Good,My always using a condom with a new partner is...-Unpleasant:Pleasant,My always using a condom with a new partner is...-Harmful:Beneficial,My always using a condom with a new partner is...-Boring:Interesting,My always using a condom with a new partner is...-Unimportant:Important,My always using a condom with a new partner is...-Not essential:Essential,My always using a condom with a new partner is...-Not significant:Significant,"All / behavior is about condom use with a new partner. This can be a new / girl/boyfriend, or a casua...",Most people who are important to me think that I should always use / a condom with a new partner.,Please indicate your answer by sliding the bar for each / question. -My close friends will always use a condom with a new partner.,Please indicate your answer by sliding the bar for each / question. -Most people like me will always use a condom with a new partner.,Most people whose opinion I value would approve of my using a / condom with a new / partner.,For me to always use a condom or not with a new partner is under my / control.,"If I really wanted to, I could always use a condom with a new / partner. ",I am confident that I can always use a condom with a new partner if / I want to.,"All / behavior is about condom use with a new partner. This can be a new / girl/boyfriend, or a casua...",Read the following questions /  carefully! /  /  Please indicate your answer by sliding the bar for eac...-Condom use is something I rarely even think about.,Read the following questions /  carefully! /  /  Please indicate your answer by sliding the bar for eac...-I am the kind of person who always uses condoms when having sex with a new partner.,Read the following questions /  carefully! /  /  Please indicate your answer by sliding the bar for eac...-Condom use is an important part of who I am.,Read the following questions /  carefully! /  /  Please indicate your answer by sliding the bar for eac...-Always using condoms when having sex with a new partner is an important part of who I am.,Read the following questions /  carefully! /  /  Please indicate your answer by sliding the bar for eac...-I see myself as a condom user.,"Read the following questions /  carefully! /  /  Please indicate your answer by sliding the bar for eac...-For me, using condoms means more than just the act itself.",Read the following questions /  carefully! /  /  Please indicate your answer by sliding the bar for eac...-I see myself as someone who always uses condoms when having sex with a new partner.,Read the following questions /  carefully! /  /  Please indicate your answer by sliding the bar for eac...-I see myself as someone who is concerned about having unsafe sex.,Read the following questions /  carefully! /  /  Please indicate your answer by sliding the bar for eac...-I see myself as someone who is concerned with always using condoms when having sex with a new partner.,Read the following questions /  carefully! /  /  Please indicate your answer by sliding the bar for eac...-I would feel at a loss if I were forced to give up having sex without condoms.,"Read the following questions /  carefully! /  /  Please indicate your answer by sliding the bar for eac...-For me, sex without condoms means more than just the act itself.","All / behavior is about condom use with a new partner. This can be a new / girl/boyfriend, or a casua...",I have used a condom with a new partner in the past years.,"In the past years, how often have you used a condom with a new / partner? ",Please enter you worker ID here:,End of the /  studyIf you would like to know more /  about the specific research questions/hypotheses...,Browser Meta Info-Browser,Browser Meta Info-Version,Browser Meta Info-Operating System,Browser Meta Info-Screen Resolution,Browser Meta Info-Flash Version,Browser Meta Info-Java Support,Browser Meta Info-User Agent,LocationLatitude,LocationLongitude,LocationAccuracy,
R_0PRWmatVUNrnA5n,Default Response Set,Anonymous,,,180.215.191.127,0,2014-07-18 14:17:37,2014-07-18 14:20:50,1,1,20,,1,2,9,,1,25,27,19,16,6,5,7,6,5,6,6,1,46,7,7,20,25,12,6,1,5,4,5,5,6,5,4,2,5,5,3,1,6,33,A1M76ECKJQD1NB,1,Chrome,35.0.1916.153,Windows NT 6.3,1024x600,14.0.0,1,"Mozilla/5.0 (Windows NT 6.3) AppleWebKit/537.36 (KHTML, like Gecko) Chrome/35.0.1916.153 Safari/537.36",20,77,-1,
R_ahfDSpOr5nKF2jr,Default Response Set,Anonymous,,,106.208.102.87,0,2014-07-18 14:18:51,2014-07-18 14:24:21,1,1,23,,2,2,9,,1,26,28,20,16,7,7,7,6,7,6,6,1,46,7,7,20,27,13,6,1,5,6,5,7,6,6,6,6,7,7,5,1,7,32,ATP5AJPL8E56O,1,Chrome,35.0.1916.153,Windows NT 6.1,1366x768,14.0.0,1,"Mozilla/5.0 (Windows NT 6.1) AppleWebKit/537.36 (KHTML, like Gecko) Chrome/35.0.1916.153 Safari/537.36",33.033294677734,76.450012207031,-1,
R_3vZpYlv0auwAS33,Default Response Set,Anonymous,,,115.241.92.146,0,2014-07-18 14:20:07,2014-07-18 14:26:53,1,1,21,,2,2,9,,1,24,27,18,15,6,6,5,6,5,5,6,1,45,6,6,21,26,13,5,1,5,4,6,5,5,5,4,6,5,5,5,1,5,33,A2KSIEG7MGNOOD,1,Chrome,35.0.1916.153,Windows NT 6.1,1366x768,14.0.0,1,"Mozilla/5.0 (Windows NT 6.1) AppleWebKit/537.36 (KHTML, like Gecko) Chrome/35.0.1916.153 Safari/537.36",12.983306884766,77.583312988281,-1,
R_bEOXVC648owLFgF,Default Response Set,Anonymous,,,106.208.31.155,0,2014-07-18 14:25:18,2014-07-18 14:27:30,1,1,23,,2,2,9,,1,24,46,16,12,6,5,4,5,3,4,3,1,43,5,3,18,26,10,6,1,3,5,5,5,4,4,5,3,4,5,6,1,6,32,A3A3N7W6C3B9WZ,1,Firefox,30.0,Windows NT 5.1,1280x800,13.0.0,1,Mozilla/5.0 (Windows NT 5.1; rv:30.0) Gecko/20100101 Firefox/30.0,13.083297729492,80.283294677734,-1,
R_000sxtPsXbGuwvz,Default Response Set,Anonymous,,,59.89.209.154,0,2014-07-18 14:20:57,2014-07-18 14:29:37,1,1,25,,1,2,9,,1,26,28,20,16,7,7,7,7,7,7,7,1,45,5,7,21,28,14,7,1,1,7,7,7,7,4,7,7,7,6,5,1,7,34,AUI3R928P63B0,1,Chrome,35.0.1916.153,Windows NT 6.1,1360x768,14.0.0,1,"Mozilla/5.0 (Windows NT 6.1; WOW64) AppleWebKit/537.36 (KHTML, like Gecko) Chrome/35.0.1916.153 Safari/537.36",8.8805999755859,76.591705322266,-1,
R_1SPb63lc41Uiitn,Default Response Set,Anonymous,,,27.7.48.42,0,2014-07-18 14:23:30,2014-07-18 14:31:11,1,1,25,,1,2,9,,1,25,27,19,12,7,7,7,7,7,7,7,1,44,5,5,19,28,14,7,1,3,5,5,5,5,5,5,5,5,5,5,1,6,32, A14J86Y1L3RCQ0,1,Chrome,35.0.1916.153,Windows NT 6.1,1024x768,14.0.0,1,"Mozilla/5.0 (Windows NT 6.1; WOW64) AppleWebKit/537.36 (KHTML, like Gecko) Chrome/35.0.1916.153 Safari/537.36",12.983306884766,77.583312988281,-1,
R_80trqvnA5n8vZGJ,Default Response Set,Anonymous,,,101.222.249.88,0,2014-07-18 14:29:01,2014-07-18 14:31:33,1,1,24,,2,2,9,,1,24,46,18,12,6,4,3,5,4,3,4,1,45,7,6,19,25,12,6,1,5,5,5,3,5,4,3,5,5,3,3,1,5,32,NCBirm B 2 Reiss,1,MSIE,10.0,Windows NT 6.2,1821x1024,11.9.900.152,1,Mozilla/5.0 (compatible; MSIE 10.0; Windows NT 6.2; WOW64; Trident/6.0; .NET4.0E; .NET4.0C; InfoPath.3),13.083297729492,80.283294677734,-1,
R_8tUoz2S3dX4LxPL,Default Response Set,Anonymous,,,122.174.181.42,0,2014-07-18 14:20:34,2014-07-18 14:32:54,1,1,25,,1,2,9,,1,24,46,18,14,5,3,5,4,5,4,5,1,44,5,7,20,26,13,5,1,5,5,6,5,6,5,5,6,6,5,6,1,5,33,A37M4OVE9R80G,1,Chrome,35.0.1916.153,Windows NT 6.1,1024x768,14.0.0,1,"Mozilla/5.0 (Windows NT 6.1) AppleWebKit/537.36 (KHTML, like Gecko) Chrome/35.0.1916.153 Safari/537.36",13.083297729492,80.283294677734,-1,
R_9zuIhIG9LWIxvx3,Default Response Set,Anonymous,,,106.208.86.141,0,2014-07-18 14:30:24,2014-07-18 14:35:26,1,1,20,,1,2,9,,1,25,27,19,15,7,3,7,2,7,7,7,1,45,6,5,21,27,13,6,1,2,6,6,6,6,6,6,6,6,3,6,1,6,33,AEFMTXTR815UJ,1,Firefox,30.0,Windows NT 5.1,1280x800,14.0.0,0,Mozilla/5.0 (Windows NT 5.1; rv:30.0) Gecko/20100101 Firefox/30.0,13.083297729492,80.283294677734,-1,
R_8CSfTyfzcg0wbDn,Default Response Set,Anonymous,,,182.72.197.241,0,2014-07-18 14:36:42,2014-07-18 14:37:50,1,1,25,,1,2,9,,1,23,47,17,14,5,5,5,4,5,4,5,1,43,5,6,19,26,11,5,1,4,5,4,4,5,4,5,4,5,5,5,1,4,32,A3799NWTIYKCEV,1,Chrome,36.0.1985.125,Windows NT 6.1,1600x900,14.0.0,1,"Mozilla/5.0 (Windows NT 6.1; WOW64) AppleWebKit/537.36 (KHTML, like Gecko) Chrome/36.0.1985.125 Safari/537.36",13.083297729492,80.283294677734,-1,
R_cShMdJz0XKpBtdP,Default Response Set,Anonymous,,,124.124.77.253,0,2014-07-18 14:35:53,2014-07-18 14:39:14,1,1,25,,1,2,9,,1,24,47,18,10,7,6,6,5,5,5,5,1,45,6,6,20,26,12,5,1,5,5,5,5,5,5,4,5,5,5,5,1,6,32,A25DP2IBIXX6MM,1,Chrome,35.0.1916.153,Windows NT 6.1,1600x900,14.0.0,1,"Mozilla/5.0 (Windows NT 6.1; WOW64) AppleWebKit/537.36 (KHTML, like Gecko) Chrome/35.0.1916.153 Safari/537.36",13.083297729492,80.283294677734,-1,
R_cVjKZjKf3dCDay9,Default Response Set,Anonymous,,,106.208.102.87,0,2014-07-18 14:32:43,2014-07-18 14:39:34,1,1,24,,2,2,9,,1,26,28,19,16,6,5,6,6,7,6,7,1,46,7,7,20,27,12,7,1,6,6,5,5,6,7,3,5,3,4,6,1,5,33,A1JQEFD45TY940,1,Firefox,11.0,Windows NT 6.1,1366x768,11.9.900,1,Mozilla/5.0 (Windows NT 6.1; rv:11.0) Gecko/20100101 Firefox/11.0,33.033294677734,76.450012207031,-1,
R_1RgcWGlu1YCf4XP,Default Response Set,Anonymous,,,122.173.213.40,0,2014-07-18 14:34:49,2014-07-18 14:41:39,1,1,26,,1,2,9,,1,26,28,20,16,7,6,7,5,7,7,5,1,46,5,7,21,28,14,7,1,1,6,6,7,7,6,6,7,7,5,3,1,7,34,A24NDC7JH9LEM1,1,Chrome,36.0.1985.125,Windows NT 6.1,1366x768,14.0.0,1,"Mozilla/5.0 (Windows NT 6.1; WOW64) AppleWebKit/537.36 (KHTML, like Gecko) Chrome/36.0.1985.125 Safari/537.36",30.899993896484,75.850006103516,-1,
R_0Van70VbMEyfz6d,Default Response Set,Anonymous,,,115.242.193.253,0,2014-07-18 14:43:30,2014-07-18 14:45:21,1,1,24,,2,2,9,,1,25,27,19,15,5,5,6,5,6,6,6,1,46,6,7,21,26,12,6,1,6,6,6,6,5,5,6,6,5,6,6,1,6,33,A1RU9BQLDZ1DSY,1,Firefox,31.0,Windows NT 6.1,1600x900,11.9.900,0,Mozilla/5.0 (Windows NT 6.1; WOW64; rv:31.0) Gecko/20100101 Firefox/31.0,13.083297729492,80.283294677734,-1,
R_2o7SbDNrbS1vFJj,Default Response Set,Anonymous,,,117.213.116.181,0,2014-07-18 14:42:22,2014-07-18 14:49:18,1,1,25,,2,2,9,,1,26,28,20,16,7,7,7,7,7,7,7,1,44,8,7,21,28,14,7,1,3,7,7,7,6,6,7,4,7,6,4,1,7,34,A2YW509B0UMSEH,1,Chrome,35.0.1916.153,Windows NT 6.1,1366x768,14.0.0,1,"Mozilla/5.0 (Windows NT 6.1; WOW64) AppleWebKit/537.36 (KHTML, like Gecko) Chrome/35.0.1916.153 Safari/537.36",10.916702270508,79.833312988281,-1,
R_ctHhFcqtPHUfjNz,Default Response Set,Anonymous,,,115.244.239.66,0,2014-07-18 14:47:54,2014-07-18 14:50:41,1,1,26,,1,2,9,,1,24,47,19,14,6,6,5,4,5,5,6,1,45,6,6,20,27,13,5,1,5,6,5,5,5,5,6,5,6,6,5,1,5,33,A8DFFGPH3G3V5,1,Chrome,30.0.1599.69,Windows NT 5.1,1024x768,11.9.900,1,"Mozilla/5.0 (Windows NT 5.1) AppleWebKit/537.36 (KHTML, like Gecko) Chrome/30.0.1599.69 Safari/537.36",12.983306884766,77.583312988281,-1,
R_6YBLW9yr9tvB25f,Default Response Set,Anonymous,,,106.208.56.130,0,2014-07-18 14:47:17,2014-07-18 14:55:20,1,1,26,,2,2,9,,1,25,27,19,16,7,6,7,3,7,7,6,1,47,8,8,22,25,13,6,1,5,6,5,6,5,5,6,2,6,5,3,1,6,31,AB627LGVGCDHK,1,Chrome,33.0.1750.146,Windows NT 6.1,1366x768,14.0.0,1,"Mozilla/5.0 (Windows NT 6.1) AppleWebKit/537.36 (KHTML, like Gecko) Chrome/33.0.1750.146 Safari/537.36",33.033294677734,76.450012207031,-1,
R_9KS6Q1mPQESTv6t,Default Response Set,Anonymous,,,111.92.107.194,0,2014-07-18 14:56:30,2014-07-18 14:58:13,1,1,24,,2,2,9,,1,24,27,19,16,5,6,7,6,6,5,6,1,45,6,7,20,27,12,6,1,5,5,6,6,5,5,5,6,6,6,5,1,5,33,A2094MPUXJQPMX,1,Chrome,26.0.1410.43,Windows NT 6.1,1024x768,11.5.502,1,"Mozilla/5.0 (Windows NT 6.1) AppleWebKit/537.1 (KHTML, like Gecko) Maxthon/4.1.2.4000 Chrome/26.0.1410.43 Safari/537.1",9.9667053222656,76.233306884766,-1,
R_3DW4mgj9r6OVvEN,Default Response Set,Anonymous,,,117.235.70.162,0,2014-07-18 14:53:20,2014-07-18 14:59:54,1,1,23,,2,2,9,,1,24,27,19,11,7,4,7,5,7,4,6,1,46,3,6,20,26,13,5,1,2,3,5,5,5,5,5,3,6,3,6,1,7,32,APYYV3B1MT2B6,1,Firefox,30.0,Windows NT 6.1,1138x640,14.0.0,1,Mozilla/5.0 (Windows NT 6.1; rv:30.0) Gecko/20100101 Firefox/30.0,13.083297729492,80.283294677734,-1,
R_7Pem0iRVPAU0iUt,Default Response Set,Anonymous,,,122.174.91.56,0,2014-07-18 15:01:43,2014-07-18 15:07:51,1,1,23,,1,2,9,,1,21,44,17,14,6,4,5,6,5,5,6,1,45,5,6,17,25,10,3,1,4,5,3,5,3,4,5,3,5,4,2,1,3,29,A3P9BBIGUZ53BX,1,Chrome,35.0.1916.153,Windows NT 6.3,1366x768,14.0.0,1,"Mozilla/5.0 (Windows NT 6.3; WOW64) AppleWebKit/537.36 (KHTML, like Gecko) Chrome/35.0.1916.153 Safari/537.36",13.083297729492,80.283294677734,-1,
R_6zEYxwNhMwac2mp,Default Response Set,Anonymous,,,114.69.243.226,0,2014-07-18 15:01:10,2014-07-18 15:09:13,1,1,26,,1,2,9,,1,25,27,19,16,7,1,7,2,7,7,6,1,47,8,8,22,26,12,6,1,1,7,3,3,7,4,6,7,6,4,4,1,7,32,A3M8N3ZTMZ0ONB,1,Chrome,33.0.1750.117, Linux x86_64,1600x900,12.0.0,1,"Mozilla/5.0 (X11; Linux x86_64) AppleWebKit/537.36 (KHTML, like Gecko) Chrome/33.0.1750.117 Safari/537.36",11.100006103516,77.350006103516,-1,
R_e9E4yaQ1WqCKOvX,Default Response Set,Anonymous,,,101.222.244.16,0,2014-07-18 15:13:00,2014-07-18 15:16:24,1,1,23,,1,2,9,,1,26,28,20,16,7,4,6,3,7,7,7,1,46,5,5,21,28,13,7,1,1,6,6,7,7,7,7,7,6,3,2,1,7,34,A1POBG27PTO9DX,1,Firefox,30.0,Windows NT 6.1,1366x768,12.0.0,0,Mozilla/5.0 (Windows NT 6.1; WOW64; rv:30.0) Gecko/20100101 Firefox/30.0,13.083297729492,80.283294677734,-1,
R_cHHowgUNjA5HRzL,Default Response Set,Anonymous,,,117.245.176.191,0,2014-07-18 15:27:34,2014-07-18 15:28:32,1,1,25,,1,2,10,1,,,,,,,,,,,,,,,,,,,,,,,,,,,,,,,,,,,,,,,,,,,,,20,77,-1,
R_dhhf8CJVQ7Do2wt,Default Response Set,Anonymous,,,180.215.3.75,0,2014-07-18 15:28:46,2014-07-18 15:36:47,1,1,24,,2,2,9,,1,25,28,20,16,4,5,6,5,5,6,6,1,46,7,6,20,27,13,7,1,1,6,5,6,5,5,6,6,6,2,6,1,6,34,A2D4E1C1UD7ZK6,1,Chrome,35.0.1916.153,Windows NT 6.1,1366x768,14.0.0,1,"Mozilla/5.0 (Windows NT 6.1) AppleWebKit/537.36 (KHTML, like Gecko) Chrome/35.0.1916.153 Safari/537.36",12.983306884766,77.583312988281,-1,
R_8zQYwhI8SbWnKeh,Default Response Set,Anonymous,,,117.197.190.26,0,2014-07-18 15:37:48,2014-07-18 15:38:31,1,1,30,1,,,,,,,,,,,,,,,,,,,,,,,,,,,,,,,,,,,,,,,,,,,,,,,,,10.992492675781,76.961395263672,-1,
R_aWNe7ca7fQCGed7,Default Response Set,Anonymous,,,117.197.190.26,8,2014-07-18 15:39:53,2014-07-18 15:40:12,1,1,30,1,,,,,,,,,,,,,,,,,,,,,,,,,,,,,,,,,,,,,,,,,,,,,,,,,10.992492675781,76.961395263672,-1,
R_3kKA1yqSbVlNDBX,Default Response Set,Anonymous,,,115.242.219.26,0,2014-07-18 15:37:14,2014-07-18 15:41:35,1,1,23,,1,2,9,,1,26,28,20,16,7,7,7,7,7,7,7,1,46,7,7,21,26,14,7,1,2,6,7,7,6,5,7,3,6,5,6,1,7,34,A9UBPUEWAMA06,1,Chrome,36.0.1985.125,Windows NT 5.1,1280x800,14.0.0,1,"Mozilla/5.0 (Windows NT 5.1) AppleWebKit/537.36 (KHTML, like Gecko) Chrome/36.0.1985.125 Safari/537.36",13.083297729492,80.283294677734,-1,
R_3NK2AR4SSOrDg0Z,Default Response Set,Anonymous,,,117.197.190.26,0,2014-07-18 15:42:35,2014-07-18 15:47:32,1,1,25,,1,2,9,,1,25,47,15,14,6,7,4,5,2,5,7,1,45,7,5,19,24,13,5,1,5,5,5,3,6,3,3,6,4,5,3,1,5,30,A387OFOUJEG6FT,1,Firefox,30.0,Windows NT 5.1,1024x768,14.0.0,0,Mozilla/5.0 (Windows NT 5.1; rv:30.0) Gecko/20100101 Firefox/30.0,10.992492675781,76.961395263672,-1,
R_1MiTbRWVHK0CAGF,Default Response Set,Anonymous,,,115.184.242.24,0,2014-07-18 15:55:07,2014-07-18 15:59:40,1,1,23,,2,2,9,,1,25,47,19,15,7,7,7,7,7,7,7,1,45,7,7,21,26,12,6,1,5,5,5,6,5,5,6,5,6,5,6,1,6,33,A1P2EVJXWYR94M,1,Chrome,30.0.1599.101,Windows NT 6.1,1366x768,11.9.900,1,"Mozilla/5.0 (Windows NT 6.1; WOW64) AppleWebKit/537.36 (KHTML, like Gecko) Chrome/30.0.1599.101 Safari/537.36",18.975006103516,72.825805664062,-1,
R_8q7VTIj1IlwC9ut,Default Response Set,Anonymous,,,122.174.110.247,0,2014-07-18 16:02:12,2014-07-18 16:04:00,1,1,25,,1,2,9,,1,25,27,20,15,7,7,7,7,7,7,7,1,46,7,7,20,27,13,6,1,6,6,6,6,5,6,6,6,6,6,7,1,6,34,A2TC1ZFCTOCDA5,1,Firefox,30.0,Windows NT 5.1,1024x768,14.0.0,0,Mozilla/5.0 (Windows NT 5.1; rv:30.0) Gecko/20100101 Firefox/30.0,13.083297729492,80.283294677734,-1,
R_4UQ6oAEH8X88aQl,Default Response Set,Anonymous,,,115.241.76.249,0,2014-07-18 16:02:25,2014-07-18 16:06:01,1,1,25,,1,2,9,,1,26,28,20,16,7,7,7,7,7,7,7,1,46,5,6,21,27,13,6,1,5,7,7,7,7,7,7,7,7,7,5,1,7,34,A1FE42UO0OK48C,1,Chrome,35.0.1916.153,Windows NT 6.1,1366x768,14.0.0,1,"Mozilla/5.0 (Windows NT 6.1) AppleWebKit/537.36 (KHTML, like Gecko) Chrome/35.0.1916.153 Safari/537.36",12.983306884766,77.583312988281,-1,
R_2mJylDeeZr1pQy1,Default Response Set,Anonymous,,,117.213.171.194,0,2014-07-18 16:09:57,2014-07-18 16:15:53,1,1,25,,1,2,9,,1,25,27,19,15,7,7,7,7,7,7,7,1,46,5,5,21,27,14,7,1,6,6,7,6,5,6,6,6,6,5,6,1,6,33,A19ZOKX8M6VWOO,1,Chrome,36.0.1985.125,Windows NT 6.1,1366x768,14.0.0,1,"Mozilla/5.0 (Windows NT 6.1) AppleWebKit/537.36 (KHTML, like Gecko) Chrome/36.0.1985.125 Safari/537.36",17.550003051758,80.63330078125,-1,
R_8AFjKsUxTi0D1qt,Default Response Set,Anonymous,,,117.206.10.32,0,2014-07-18 16:14:24,2014-07-18 16:21:29,1,1,21,,1,2,9,,1,26,28,20,16,7,7,7,7,7,7,7,1,47,7,7,21,28,14,7,1,1,7,7,7,7,7,7,7,7,7,7,1,7,34,A2RJYQKHZX1W83,1,Chrome,35.0.1916.153,Windows NT 6.2,1366x768,14.0.0,1,"Mozilla/5.0 (Windows NT 6.2) AppleWebKit/537.36 (KHTML, like Gecko) Chrome/35.0.1916.153 Safari/537.36",11.86669921875,75.365295410156,-1,
R_6rLUaiRgZ4dstRX,Default Response Set,Anonymous,,,115.250.120.201,0,2014-07-18 16:25:04,2014-07-18 16:47:16,1,1,26,,1,2,9,,1,25,27,19,15,7,7,7,7,7,7,7,1,46,7,7,21,27,13,6,1,2,6,7,6,7,6,7,7,6,6,7,1,6,33,A1AYVATMT88U1W,1,Chrome,35.0.1916.153,Windows NT 6.1,1366x768,14.0.0,1,"Mozilla/5.0 (Windows NT 6.1) AppleWebKit/537.36 (KHTML, like Gecko) Chrome/35.0.1916.153 Safari/537.36",22.569702148438,88.369689941406,-1,
R_b7bNUGh5EBCTPRb,Default Response Set,Anonymous,,,122.174.110.247,0,2014-07-18 16:42:46,2014-07-18 16:47:37,1,1,25,,1,2,9,,1,25,27,18,15,5,6,7,6,5,6,7,1,45,6,5,21,26,13,6,1,5,5,6,3,5,3,6,6,3,5,6,1,5,33,AH9NHR1PJODG1,1,Chrome,35.0.1916.153,Windows NT 6.1,1366x768,14.0.0,1,"Mozilla/5.0 (Windows NT 6.1) AppleWebKit/537.36 (KHTML, like Gecko) Chrome/35.0.1916.153 Safari/537.36",13.083297729492,80.283294677734,-1,
R_0kZProwbvygXM5n,Default Response Set,Anonymous,,,117.196.159.55,0,2014-07-18 16:48:52,2014-07-18 16:49:28,1,1,41,1,,,,,,,,,,,,,,,,,,,,,,,,,,,,,,,,,,,,,,,,,,,,,,,,,9.9667053222656,76.233306884766,-1,
R_ezo1cUwSejd2EId,Default Response Set,Anonymous,,,223.235.102.224,0,2014-07-18 16:57:09,2014-07-18 16:59:38,1,1,25,,2,2,9,,1,20,44,15,9,3,4,4,4,4,4,4,1,44,5,5,20,25,12,5,1,3,3,3,3,3,2,3,3,2,3,3,1,1,28,A2TEWO3WJ5YKGG,1,Chrome,34.0.1847.116,Windows NT 6.2,1366x768,13.0.0,1,"Mozilla/5.0 (Windows NT 6.2; WOW64) AppleWebKit/537.36 (KHTML, like Gecko) Chrome/34.0.1847.116 Safari/537.36",13.083297729492,80.283294677734,-1,
R_9SOFeC62ltzKwGF,Default Response Set,Anonymous,,,59.94.33.91,0,2014-07-18 17:04:14,2014-07-18 17:07:49,1,1,24,,1,2,9,,1,26,28,20,16,7,7,7,7,7,7,7,1,46,3,7,21,28,14,7,1,1,7,7,7,7,7,7,7,7,5,4,1,7,34,A1TZT6IH99DO6Q,1,Chrome,35.0.1916.153,Windows NT 5.1,1024x768,14.0.0,1,"Mozilla/5.0 (Windows NT 5.1) AppleWebKit/537.36 (KHTML, like Gecko) Chrome/35.0.1916.153 Safari/537.36",19.216705322266,73.149993896484,-1,
R_8eQA5wUfYWdJZn7,Default Response Set,Anonymous,,,116.203.157.78,0,2014-07-18 17:12:50,2014-07-18 17:21:10,1,1,25,,2,2,9,,1,26,27,19,15,7,7,7,7,7,7,7,1,46,7,7,20,27,12,6,1,5,6,2,6,6,6,6,2,6,6,6,1,2,29,A3TVDFJ22T1FFN,1,Chrome,36.0.1985.125,Windows NT 6.1,1366x768,14.0.0,1,"Mozilla/5.0 (Windows NT 6.1; WOW64) AppleWebKit/537.36 (KHTML, like Gecko) Chrome/36.0.1985.125 Safari/537.36",20,77,-1,
R_dgwOnAmjhKCb4pf,Default Response Set,Anonymous,,,42.104.60.32,0,2014-07-18 17:20:31,2014-07-18 17:22:55,1,1,25,,2,2,9,,1,24,46,17,14,4,5,5,4,4,5,5,1,44,5,5,20,25,11,5,1,5,4,5,5,5,5,3,5,3,5,5,1,5,32,A2UD6YLEN1BU8M,1,Chrome,35.0.1916.153,Windows NT 6.1,1440x900,14.0.0,1,"Mozilla/5.0 (Windows NT 6.1) AppleWebKit/537.36 (KHTML, like Gecko) Chrome/35.0.1916.153 Safari/537.36",13.083297729492,80.283294677734,-1,
R_dp5BhgEa25ByJql,Default Response Set,Anonymous,,,106.66.133.191,0,2014-07-18 17:19:56,2014-07-18 17:23:07,1,1,24,,1,2,9,,1,25,27,20,15,7,6,7,7,7,6,7,1,45,7,7,21,27,13,6,1,3,6,6,6,6,6,6,6,6,6,6,1,6,34,A2NVOYLGW0J7NA,1,Chrome,35.0.1916.153,Windows NT 5.1,1024x768,14.0.0,1,"Mozilla/5.0 (Windows NT 5.1) AppleWebKit/537.36 (KHTML, like Gecko) Chrome/35.0.1916.153 Safari/537.36",17.375305175781,78.474395751953,-1,
R_7TYyV7L6JrusicB,Default Response Set,Anonymous,,,101.63.149.126,0,2014-07-18 17:27:32,2014-07-18 17:30:13,1,1,24,,1,2,9,,1,25,47,17,12,7,7,6,6,5,6,6,1,46,5,6,20,27,12,5,1,5,6,4,5,5,5,6,6,4,5,6,1,5,33,A2UKXFQCSSOB1R,1,Chrome,35.0.1916.114,Windows NT 6.1,1366x768,14.0.0,1,"Mozilla/5.0 (Windows NT 6.1; WOW64) AppleWebKit/537.36 (KHTML, like Gecko) Chrome/35.0.1916.114 Safari/537.36",12.983306884766,77.583312988281,-1,
R_6QcTkfZl1HcK3ad,Default Response Set,Anonymous,,,106.76.20.63,0,2014-07-18 17:24:48,2014-07-18 17:31:46,1,1,25,,1,2,9,,1,24,45,14,10,7,6,6,1,4,5,5,1,44,3,2,18,28,13,7,1,5,2,6,5,2,4,5,5,5,3,7,1,7,32,AULIHTDI0Q1IY,1,Chrome,35.0.1916.153,Windows NT 6.1,1366x768,14.0.0,1,"Mozilla/5.0 (Windows NT 6.1) AppleWebKit/537.36 (KHTML, like Gecko) Chrome/35.0.1916.153 Safari/537.36",20,77,-1,
R_cZsaDpSLJTUXtSB,Default Response Set,Anonymous,,,106.221.138.87,0,2014-07-18 17:29:21,2014-07-18 17:36:02,1,1,23,,1,2,9,,1,25,28,19,15,6,5,7,5,7,7,6,1,46,6,6,21,26,14,6,1,2,6,6,6,6,5,6,7,6,4,3,1,7,33,AM5CFEE9TX19X,1,Safari,10.2.1.3175,BB10,571x343,11.1.121,0,"Mozilla/5.0 (BB10; Touch) AppleWebKit/537.35+ (KHTML, like Gecko) Version/10.2.1.3175 Mobile Safari/537.35+",18.533294677734,73.86669921875,-1,
R_0feB2zY93nxJtUF,Default Response Set,Anonymous,,,124.123.10.235,0,2014-07-18 17:45:53,2014-07-18 17:47:40,1,1,23,,1,2,9,,1,24,47,19,15,5,5,4,4,4,4,4,1,44,5,5,19,27,12,5,1,5,5,5,5,4,6,5,5,6,4,6,1,5,32,A3OGVPYL4KSPIY,1,Chrome,30.0.1599.101,Windows NT 6.1,1280x1024,14.0.0,1,"Mozilla/5.0 (Windows NT 6.1) AppleWebKit/537.36 (KHTML, like Gecko) Chrome/30.0.1599.101 Safari/537.36 OPR/17.0.1241.53",17.375305175781,78.474395751953,-1,
R_blNLqgrhiiZVAVf,Default Response Set,Anonymous,,,124.123.10.235,0,2014-07-18 17:55:12,2014-07-18 17:56:37,1,1,23,,1,2,9,,1,24,27,19,15,4,3,3,3,3,3,3,1,45,5,5,20,26,11,4,1,5,5,5,5,5,5,6,5,5,5,5,1,5,33,A1BP1RIOY20DTW,1,Chrome,35.0.1916.153,Windows NT 6.1,1280x1024,14.0.0,1,"Mozilla/5.0 (Windows NT 6.1) AppleWebKit/537.36 (KHTML, like Gecko) Chrome/35.0.1916.153 Safari/537.36",17.375305175781,78.474395751953,-1,
R_cUeC8wFiwhg3TY9,Default Response Set,Anonymous,,,106.208.104.68,0,2014-07-18 18:14:33,2014-07-18 18:20:39,1,1,23,,1,2,9,,1,26,44,15,12,6,7,7,7,7,7,7,1,45,7,7,20,27,13,6,1,6,6,6,6,6,6,6,6,6,6,6,1,5,32,ASTVV4I4O4S5X,1,Chrome,35.0.1916.153,Windows NT 6.3,1366x768,14.0.0,1,"Mozilla/5.0 (Windows NT 6.3; WOW64) AppleWebKit/537.36 (KHTML, like Gecko) Chrome/35.0.1916.153 Safari/537.36",13.083297729492,80.283294677734,-1,
R_b2BEIaqzXSTF8H3,Default Response Set,Anonymous,,,202.91.140.4,0,2014-07-18 18:22:34,2014-07-18 18:25:24,1,1,22,,1,2,9,,1,26,28,20,16,7,7,7,7,7,7,7,1,46,8,8,21,27,13,6,1,7,7,7,7,7,7,7,4,7,7,7,1,7,34,A15Y73E3GBTRU9,1,MSIE,7.0,Windows NT 5.1,1024x768,-1,1,Mozilla/4.0 (compatible; MSIE 7.0; Windows NT 5.1; .NET CLR 1.1.4322; .NET CLR 2.0.50727; MS-RTC LM 8; .NET4.0C),20,77,-1,
R_cTsuppoN5JitDGl,Default Response Set,Anonymous,,,117.201.13.213,0,2014-07-18 18:35:21,2014-07-18 18:39:25,1,1,25,,1,2,9,,1,23,46,17,11,6,5,6,3,6,6,6,1,44,5,5,19,25,11,4,1,4,5,3,5,3,5,5,5,5,5,3,1,4,30,A3POZCE4QC2RAV,1,Chrome,35.0.1916.153,Windows NT 6.1,1600x900,14.0.0,1,"Mozilla/5.0 (Windows NT 6.1) AppleWebKit/537.36 (KHTML, like Gecko) Chrome/35.0.1916.153 Safari/537.36",11.929992675781,79.829986572266,-1,
R_5Bw9BtqPYa7aA5f,Default Response Set,Anonymous,,,61.16.162.69,0,2014-07-18 18:44:16,2014-07-18 18:46:23,1,1,23,,1,2,9,,1,25,27,19,15,7,7,7,7,7,7,7,1,45,5,6,20,25,12,5,1,3,5,5,3,5,5,5,5,5,6,5,1,4,29,A3HU036FFRA7TQ,1,Chrome,35.0.1916.153,Windows NT 5.1,1280x1024,14.0.0,1,"Mozilla/5.0 (Windows NT 5.1) AppleWebKit/537.36 (KHTML, like Gecko) Chrome/35.0.1916.153 Safari/537.36",13.083297729492,80.283294677734,-1,
R_eu5LwYWPDdlp0NL,Default Response Set,Anonymous,,,202.137.248.3,0,2014-07-18 18:42:25,2014-07-18 18:46:57,1,1,23,,1,2,9,,1,25,27,19,14,5,5,7,5,7,7,7,1,46,8,8,21,27,14,7,1,1,7,6,7,7,7,7,7,2,1,4,1,7,32,A2GIJ8E45BSAI,1,Chrome,36.0.1985.125,Windows NT 6.1,1920x1080,14.0.0,1,"Mozilla/5.0 (Windows NT 6.1; WOW64) AppleWebKit/537.36 (KHTML, like Gecko) Chrome/36.0.1985.125 Safari/537.36",20,77,-1,
R_6tKGgFs87r2PkwZ,Default Response Set,Anonymous,,,116.202.122.127,0,2014-07-18 19:23:21,2014-07-18 19:24:59,1,1,25,,1,2,9,,1,25,47,19,16,6,7,6,5,6,7,6,1,45,7,7,21,26,12,6,1,6,5,6,6,5,6,5,5,6,6,5,1,6,33,A1BI3WXOR5CTHQ,1,Firefox,3.5.7,Windows NT 5.1,1024x768,10.1.102,0,Mozilla/5.0 (Windows; U; Windows NT 5.1; en-US; rv:1.9.1.7) Gecko/20091221 Firefox/3.5.7,20,77,-1,
R_bHNMAr84ND7jH9z,Default Response Set,Anonymous,,,122.164.235.221,0,2014-07-18 19:23:18,2014-07-18 19:26:53,1,1,25,,1,2,9,,1,25,27,19,15,7,7,7,7,7,7,7,1,45,6,6,20,27,13,6,1,3,5,5,5,5,5,5,3,5,5,5,1,6,33,A2GTB9CRGY629I,1,Chrome,35.0.1916.153,Windows NT 6.1,1024x768,14.0.0,1,"Mozilla/5.0 (Windows NT 6.1) AppleWebKit/537.36 (KHTML, like Gecko) Chrome/35.0.1916.153 Safari/537.36",13.083297729492,80.283294677734,-1,
R_4ZVV9jyHjziEucl,Default Response Set,Anonymous,,,61.16.162.69,0,2014-07-18 19:26:53,2014-07-18 19:29:07,1,1,25,,1,2,9,,1,25,47,19,15,7,7,7,7,7,7,7,1,45,6,7,20,25,11,5,1,5,3,5,3,6,5,5,5,6,5,5,1,5,33,A2CVIZ8QM4DAM9,1,Firefox,30.0,Windows NT 5.1,1280x1024,-1,1,Mozilla/5.0 (Windows NT 5.1; rv:30.0) Gecko/20100101 Firefox/30.0,13.083297729492,80.283294677734,-1,
R_d6Y7cOvEgO7vv6d,Default Response Set,Anonymous,,,117.206.132.201,0,2014-07-18 19:27:00,2014-07-18 19:30:47,1,1,25,,1,2,9,,1,26,28,20,16,7,7,7,7,7,7,7,1,46,6,7,21,28,14,7,1,3,7,7,7,7,7,7,7,7,7,1,1,7,34,A3QZMGTVA4VO44,1,Chrome,35.0.1916.153,Windows NT 5.1,1600x900,14.0.0,1,"Mozilla/5.0 (Windows NT 5.1) AppleWebKit/537.36 (KHTML, like Gecko) Chrome/35.0.1916.153 Safari/537.36",9.4499969482422,77.816711425781,-1,
R_eamJ6gILQbAr9qZ,Default Response Set,Anonymous,,,117.213.32.73,0,2014-07-18 19:40:25,2014-07-18 19:44:43,1,1,25,,1,2,9,,1,26,28,20,16,7,7,7,7,7,7,7,1,46,5,5,21,27,13,6,1,3,5,4,5,5,5,4,3,5,5,4,1,6,32,A258PTOZ3D2TQR,1,Chrome,35.0.1916.153,Windows NT 6.1,1366x768,13.0.0,1,"Mozilla/5.0 (Windows NT 6.1; WOW64) AppleWebKit/537.36 (KHTML, like Gecko) Chrome/35.0.1916.153 Safari/537.36 OPR/22.0.1471.70",8.7333068847656,77.700012207031,-1,
R_3fKgF1ol4D49n13,Default Response Set,Anonymous,,,42.104.63.24,0,2014-07-18 19:41:39,2014-07-18 19:49:04,1,1,24,,1,2,9,,1,26,28,20,16,6,4,7,3,7,6,6,1,46,3,7,21,28,13,7,1,6,6,6,6,6,6,6,6,6,6,6,1,7,34,A1ZV6G4BUQUUKG,1,Firefox,12.0,Windows NT 6.1,1600x900,14.0.0,0,Mozilla/5.0 (Windows NT 6.1; rv:12.0) Gecko/20100101 Firefox/12.0,13.083297729492,80.283294677734,-1,
R_aaak8AChFDyM1nv,Default Response Set,Anonymous,,,61.3.119.58,0,2014-07-18 19:46:59,2014-07-18 19:49:30,1,1,19,,2,2,9,,1,26,28,20,15,7,7,7,6,7,7,7,1,46,6,7,20,27,14,6,1,6,6,7,7,7,5,6,6,7,5,6,1,7,34,A37ICI5DF0HW3G,1,Chrome,33.0.1750.154,Windows NT 6.1,853x640,13.0.0,1,"Mozilla/5.0 (Windows NT 6.1) AppleWebKit/537.36 (KHTML, like Gecko) Chrome/33.0.1750.154 Safari/537.36",10.992492675781,76.961395263672,-1,
R_2fwVbsCwJuYjYDH,Default Response Set,Anonymous,,,101.63.187.25,0,2014-07-18 19:52:32,2014-07-18 19:55:03,1,1,26,,2,2,9,,1,26,28,20,16,7,7,7,7,7,7,7,1,47,3,5,19,27,13,7,1,5,5,5,6,1,6,4,6,5,3,3,1,6,32,A2Y7BO0CROURI4,1,Chrome,36.0.1985.125,Windows NT 6.0,1280x800,14.0.0,1,"Mozilla/5.0 (Windows NT 6.0) AppleWebKit/537.36 (KHTML, like Gecko) Chrome/36.0.1985.125 Safari/537.36",18.975006103516,72.825805664062,-1,
R_8ccmg9hzqRzq1il,Default Response Set,Anonymous,,,61.3.119.58,0,2014-07-18 19:50:19,2014-07-18 19:57:35,1,1,18,,2,2,9,,1,25,27,18,15,6,7,6,7,7,7,7,1,45,6,7,21,26,13,7,1,6,6,7,6,6,5,7,6,5,5,7,1,6,34,A2KESA3HHO1A3A,1,Chrome,34.0.1847.132,Windows NT 6.1,1280x960,14.0.0,1,"Mozilla/5.0 (Windows NT 6.1) AppleWebKit/537.36 (KHTML, like Gecko) Chrome/34.0.1847.132 Safari/537.36 OPR/21.0.1432.67",10.992492675781,76.961395263672,-1,
R_6AsidCJbDoyWZff,Default Response Set,Anonymous,,,117.242.192.40,0,2014-07-18 19:58:36,2014-07-18 20:03:17,1,1,25,,2,2,9,,1,25,27,19,15,7,6,7,4,7,7,7,1,43,6,6,20,27,13,6,1,1,5,5,5,6,5,5,6,5,5,4,1,6,33,A2A0D1IO0Z4IR2,1,Chrome,35.0.1916.114,Windows NT 5.0,1024x768,14.0.0,1,"Mozilla/5.0 (Windows NT 5.0) AppleWebKit/537.36 (KHTML, like Gecko) Chrome/35.0.1916.114 Safari/537.36",10.516693115234,76.216705322266,-1,
R_9X0QiQrljc1h9s1,Default Response Set,Anonymous,,,61.3.119.58,0,2014-07-18 20:00:43,2014-07-18 20:10:54,1,1,24,,1,2,9,,1,25,47,18,16,7,6,7,7,6,7,7,1,46,6,7,21,26,13,7,1,7,6,5,6,7,7,7,6,7,5,6,1,6,34,A2BUVCOV56DPZS,1,Firefox,30.0,Windows NT 6.1,853x640,14.0.0,1,Mozilla/5.0 (Windows NT 6.1; rv:30.0) Gecko/20100101 Firefox/30.0,10.992492675781,76.961395263672,-1,
R_cSg8pCajFRWR509,Default Response Set,Anonymous,,,14.96.71.157,0,2014-07-18 20:15:09,2014-07-18 20:18:49,1,1,24,,1,2,9,,1,26,28,20,16,7,7,7,7,7,7,7,1,46,6,6,21,28,14,7,1,1,7,7,7,7,7,7,7,7,6,5,1,7,34,A35YKA992RH772,1,Chrome,35.0.1916.153,Windows NT 6.1,1366x768,14.0.0,1,"Mozilla/5.0 (Windows NT 6.1; WOW64) AppleWebKit/537.36 (KHTML, like Gecko) Chrome/35.0.1916.153 Safari/537.36",20,77,-1,
R_8v8mUioCte8XuLP,Default Response Set,Anonymous,,,106.76.146.121,0,2014-07-18 20:18:51,2014-07-18 20:19:22,1,1,32,1,,,,,,,,,,,,,,,,,,,,,,,,,,,,,,,,,,,,,,,,,,,,,,,,,28.666702270508,77.216705322266,-1,
R_1BzhZw7rpo4ItSd,Default Response Set,Anonymous,,,14.98.22.135,0,2014-07-18 20:19:38,2014-07-18 20:21:43,1,1,23,,1,2,9,,1,26,28,20,16,7,7,7,7,7,7,7,1,46,6,6,21,27,13,6,1,6,5,5,6,6,6,6,6,6,6,6,1,6,33,A2RQT56GX8483D,1,Chrome,33.0.1750.146,Windows NT 6.1,1024x600,12.0.0,1,"Mozilla/5.0 (Windows NT 6.1) AppleWebKit/537.36 (KHTML, like Gecko) Chrome/33.0.1750.146 Safari/537.36",20,77,-1,
R_bNreybObWJGvFHv,Default Response Set,Anonymous,,,61.3.119.58,0,2014-07-18 20:20:22,2014-07-18 20:22:21,1,1,19,,2,2,9,,1,25,28,19,16,7,7,6,7,6,7,7,1,46,6,7,21,28,13,7,1,6,7,7,6,7,7,6,5,6,7,5,1,7,34,A10FSILRI5951W,1,MSIE,8.0,Windows NT 6.1,1138x853,14.0.0.145,1,Mozilla/4.0 (compatible; MSIE 8.0; Windows NT 6.1; Trident/4.0; SLCC2; .NET CLR 2.0.50727; .NET CLR 3.5.30729; .NET CLR 3.0.30729; Media Center PC 6.0; InfoPath.2),10.992492675781,76.961395263672,-1,
R_2ueJr4Q26vlOOt7,Default Response Set,Anonymous,,,61.3.119.58,0,2014-07-18 20:29:03,2014-07-18 20:38:44,1,1,19,,1,2,9,,1,24,27,19,16,5,7,6,7,7,6,7,1,46,7,8,20,27,14,7,1,5,7,6,6,6,7,5,7,7,5,6,1,6,34,A3A0PUI0JBN2K2,1,Firefox,29.0,Windows NT 6.1,853x640,14.0.0,1,Mozilla/5.0 (Windows NT 6.1; rv:29.0) Gecko/20100101 Firefox/29.0 SeaMonkey/2.26.1,10.992492675781,76.961395263672,-1,
R_2aTWvIcRrHtZtsN,Default Response Set,Anonymous,,,42.104.61.224,0,2014-07-18 20:36:56,2014-07-18 20:42:37,1,1,25,,2,2,9,,1,24,47,19,14,6,6,6,6,7,6,7,1,43,6,6,20,25,12,6,1,3,5,6,5,6,5,5,5,5,4,5,1,6,32,AVRW2T2MJFGQ0,1,Chrome,36.0.1985.103,Windows NT 6.1,1366x768,14.0.0,1,"Mozilla/5.0 (Windows NT 6.1; WOW64) AppleWebKit/537.36 (KHTML, like Gecko) Chrome/36.0.1985.103 Safari/537.36",13.083297729492,80.283294677734,-1,
R_9RM3w3hY1BA7ZQ1,Default Response Set,Anonymous,,,61.3.119.58,0,2014-07-18 20:14:04,2014-07-18 20:48:36,1,1,19,,2,2,9,,1,25,47,19,16,7,6,7,7,7,6,7,1,46,6,7,20,27,12,6,1,6,5,6,7,5,6,5,6,4,7,6,1,6,34,A28NJ0J10Y3YD3,1,Chrome,35.0.1916.153,Windows NT 6.1,853x640,14.0.0,1,"Mozilla/5.0 (Windows NT 6.1) AppleWebKit/537.36 (KHTML, like Gecko) Chrome/35.0.1916.153 Safari/537.36",10.992492675781,76.961395263672,-1,
R_9N7VESIaJSRwYTz,Default Response Set,Anonymous,,,117.206.101.204,0,2014-07-18 20:51:01,2014-07-18 20:53:15,1,1,23,,1,2,9,,1,21,44,16,11,4,6,3,1,5,2,5,1,46,8,8,21,27,12,6,1,3,2,5,5,5,3,6,7,6,3,5,1,7,33,A3RYL2XPJVCP8W,1,Chrome,35.0.1916.153,Windows NT 6.2,1024x768,14.0.0,1,"Mozilla/5.0 (Windows NT 6.2; WOW64) AppleWebKit/537.36 (KHTML, like Gecko) Chrome/35.0.1916.153 Safari/537.36",11.350006103516,77.733306884766,-1,
R_bKLWPkIQC2wA0xn,Default Response Set,Anonymous,,,114.143.149.48,0,2014-07-18 22:29:04,2014-07-18 22:32:36,1,1,25,,1,2,9,,1,25,27,18,12,7,5,7,5,7,7,7,1,46,5,5,20,25,13,5,1,5,6,6,5,5,5,5,5,5,4,3,1,6,31,A2J237J8KM3OCS,1,Firefox,30.0,Windows NT 6.1,1093x614,11.4.402,1,Mozilla/5.0 (Windows NT 6.1; WOW64; rv:30.0) Gecko/20100101 Firefox/30.0,18.975006103516,72.825805664062,-1,
R_5orjB1DqO5GgyvH,Default Response Set,Anonymous,,,124.123.94.96,0,2014-07-18 22:39:45,2014-07-18 22:42:08,1,1,26,,2,2,9,,1,25,27,19,15,7,7,7,7,4,3,3,1,46,7,6,21,27,13,7,1,6,6,7,6,6,7,6,5,6,7,6,1,6,34,AI78IHE15V6SX,1,Firefox,30.0,Windows NT 6.2,1920x1080,14.0.0,1,Mozilla/5.0 (Windows NT 6.2; rv:30.0) Gecko/20100101 Firefox/30.0,17.375305175781,78.474395751953,-1,
R_eDtdQXD1jAsneKh,Default Response Set,Anonymous,,,117.193.145.178,0,2014-07-18 23:24:05,2014-07-18 23:24:51,1,1,34,1,,,,,,,,,,,,,,,,,,,,,,,,,,,,,,,,,,,,,,,,,,,,,,,,,13.083297729492,80.283294677734,-1,
R_3geuGPpJ6fwTRJj,Default Response Set,Anonymous,,,124.124.77.253,0,2014-07-19 02:29:17,2014-07-19 02:29:43,1,1,25,,1,2,10,1,,,,,,,,,,,,,,,,,,,,,,,,,,,,,,,,,,,,,,,,,,,,,13.083297729492,80.283294677734,-1,
R_6wXyWJMSqBy0yb3,Default Response Set,Anonymous,,,122.178.156.57,0,2014-07-19 03:33:56,2014-07-19 03:46:34,1,1,29,1,,,,,,,,,,,,,,,,,,,,,,,,,,,,,,,,,,,,,,,,,,,,,,,,,10.992492675781,76.961395263672,-1,
R_8dlgBntJf8BRJ6B,Default Response Set,Anonymous,,,103.242.239.20,0,2014-07-19 04:33:38,2014-07-19 04:39:02,1,1,22,,1,2,9,,1,26,27,18,16,7,3,7,2,6,7,6,1,44,3,6,20,24,13,5,1,5,6,6,6,5,5,6,3,6,5,2,1,5,31, A1JHVZIC3FH9LG,1,Chrome,35.0.1916.153,Windows NT 6.1,1366x768,14.0.0,1,"Mozilla/5.0 (Windows NT 6.1) AppleWebKit/537.36 (KHTML, like Gecko) Chrome/35.0.1916.153 Safari/537.36",10.949996948242,78.083312988281,-1,
R_0UH9y5PZ7vjWtZX,Default Response Set,Anonymous,,,117.217.138.202,0,2014-07-19 04:58:52,2014-07-19 04:59:25,1,1,30,1,,,,,,,,,,,,,,,,,,,,,,,,,,,,,,,,,,,,,,,,,,,,,,,,,9.9667053222656,76.233306884766,-1,
R_aVGDB3OoReIGUi9,Default Response Set,Anonymous,,,117.217.138.202,0,2014-07-19 04:59:39,2014-07-19 05:01:34,1,1,24,,1,2,9,,1,25,46,19,14,5,7,5,3,5,7,4,1,44,5,6,21,25,12,5,1,5,3,5,5,5,3,6,5,6,3,6,1,6,32,A1823B3S2PJMGQ,1,Firefox,24.0,Windows NT 6.2,1280x768,10.2.152,1,Mozilla/5.0 (Windows NT 6.2; rv:24.0) Gecko/20100101 Firefox/24.0,9.9667053222656,76.233306884766,-1,
R_9zDEpgGV47PrnEN,Default Response Set,Anonymous,,,223.177.205.46,0,2014-07-19 05:12:13,2014-07-19 05:18:08,1,1,26,,1,2,9,,1,25,27,19,15,6,6,6,5,7,7,6,1,45,6,6,20,27,13,6,1,6,7,6,6,6,6,6,6,7,7,5,1,5,32,A3D0SZN2SSX1,1,Chrome,35.0.1916.153,Windows NT 5.1,1024x768,14.0.0,1,"Mozilla/5.0 (Windows NT 5.1) AppleWebKit/537.36 (KHTML, like Gecko) Chrome/35.0.1916.153 Safari/537.36",13.083297729492,80.283294677734,-1,
R_aagmxVFVHsWGb41,Default Response Set,Anonymous,,,115.241.94.182,0,2014-07-19 05:24:01,2014-07-19 05:44:29,1,1,23,,2,2,9,,1,22,46,18,11,6,4,5,6,4,3,5,1,45,5,3,20,26,12,4,1,3,3,6,5,5,5,5,3,5,5,5,1,6,32,AFDOCG0RZGSXU,1,Firefox,30.0,Windows NT 5.1,1366x768,14.0.0,1,Mozilla/5.0 (Windows NT 5.1; rv:30.0) Gecko/20100101 Firefox/30.0,13.083297729492,80.283294677734,-1,
R_9FthfDgYACgfyN7,Default Response Set,Anonymous,,,106.216.203.123,0,2014-07-19 06:09:43,2014-07-19 06:10:04,1,1,29,1,,,,,,,,,,,,,,,,,,,,,,,,,,,,,,,,,,,,,,,,,,,,,,,,,12.983306884766,77.583312988281,-1,
R_cNMVpto1Dy1y1BX,Default Response Set,Anonymous,,,117.219.59.95,0,2014-07-19 07:15:14,2014-07-19 07:23:25,1,1,24,,1,2,9,,1,24,47,19,15,3,3,7,3,7,7,5,1,46,8,5,20,28,10,6,1,6,3,5,2,5,4,5,3,4,4,3,1,6,32,A48NQUC9WNKD1,1,Chrome,35.0.1916.153,Windows NT 6.3,1366x768,14.0.0,1,"Mozilla/5.0 (Windows NT 6.3; WOW64) AppleWebKit/537.36 (KHTML, like Gecko) Chrome/35.0.1916.153 Safari/537.36",20,77,-1,
R_8iFcptSVvRk2Dbv,Default Response Set,Anonymous,,,86.97.102.209,0,2014-07-19 07:40:01,2014-07-19 07:42:16,1,1,25,,1,2,9,,1,25,27,19,14,7,7,7,7,7,7,7,1,46,6,7,20,27,13,5,1,5,5,6,5,5,5,6,5,4,6,6,1,6,33,A1F7XXMUT0S6UV,1,Chrome,36.0.1985.125,Windows NT 5.1,1024x768,14.0.0,1,"Mozilla/5.0 (Windows NT 5.1) AppleWebKit/537.36 (KHTML, like Gecko) Chrome/36.0.1985.125 Safari/537.36",25.258193969727,55.304702758789,-1,
R_4OZsLhVwsNHDVVH,Default Response Set,Anonymous,,,117.213.37.172,0,2014-07-19 07:50:13,2014-07-19 08:02:54,1,1,26,,1,2,9,,1,26,28,20,15,7,7,7,5,7,7,6,1,46,5,6,20,27,13,6,1,4,7,7,7,6,5,7,6,7,6,2,1,6,33,A2JLU8XYHVY2ZP,1,Firefox,30.0,Windows NT 6.1,1088x614,12.0.0,1,Mozilla/5.0 (Windows NT 6.1; rv:30.0) Gecko/20100101 Firefox/30.0,8.7832946777344,78.13330078125,-1,
R_9ZuTGFbkk9fdTNj,Default Response Set,Anonymous,,,123.238.224.188,0,2014-07-19 08:24:04,2014-07-19 08:28:14,1,1,26,,1,2,9,,1,25,47,17,12,6,5,4,4,5,4,3,1,43,5,6,19,26,11,6,1,5,6,5,5,5,5,5,5,5,3,5,1,6,32,A2JPVJSFVU89GH,1,Firefox,30.0,Windows NT 6.1,1366x768,14.0.0,0,Mozilla/5.0 (Windows NT 6.1; WOW64; rv:30.0) Gecko/20100101 Firefox/30.0,8.5068969726562,76.956909179688,-1,
R_e4hONyJgUfSU5GR,Default Response Set,Anonymous,,,180.215.116.232,0,2014-07-19 09:04:28,2014-07-19 09:13:53,1,1,24,,1,2,9,,1,24,47,19,14,6,5,4,4,5,4,4,1,44,5,5,19,26,11,5,1,5,5,5,5,5,5,5,6,5,5,6,1,4,32,A18HC62T1SROBJ,1,Firefox,30.0,Windows NT 5.1,1024x768,14.0.0,1,Mozilla/5.0 (Windows NT 5.1; rv:30.0) Gecko/20100101 Firefox/30.0,10.992492675781,76.961395263672,-1,
R_1He5VM5jivcYnMV,Default Response Set,Anonymous,,,180.215.27.34,0,2014-07-19 09:40:00,2014-07-19 09:43:44,1,1,25,,1,2,9,,1,26,28,19,15,7,7,7,7,7,7,7,1,46,7,7,21,26,13,5,1,7,7,7,6,6,6,6,6,6,6,6,1,6,34,A9F8CVAIB53GJ,1,Chrome,34.0.1847.131,Windows NT 6.1,1366x768,13.0.0,1,"Mozilla/5.0 (Windows NT 6.1) AppleWebKit/537.36 (KHTML, like Gecko) Chrome/34.0.1847.131 Safari/537.36",12.983306884766,77.583312988281,-1,
R_bxyUsAV7Vt90W2x,Default Response Set,Anonymous,,,59.182.139.95,0,2014-07-19 09:54:06,2014-07-19 09:56:02,1,1,22,,1,2,9,,1,25,47,19,14,4,5,4,3,4,5,4,1,45,6,5,20,26,13,5,1,4,5,5,3,5,3,3,3,5,5,5,1,5,33,AQ4PB1PVI9U7V,1,Safari,5.1.7,Windows NT 6.2,1366x768,14.0.0,1,"Mozilla/5.0 (Windows NT 6.2; WOW64) AppleWebKit/534.57.2 (KHTML, like Gecko) Version/5.1.7 Safari/534.57.2",18.975006103516,72.825805664062,-1,
R_etjrf9acN1HhMxL,Default Response Set,Anonymous,,,59.182.139.95,0,2014-07-19 09:58:28,2014-07-19 09:59:45,1,1,22,,2,2,9,,1,25,47,19,14,5,6,5,4,5,4,5,1,45,6,5,20,27,12,6,1,5,5,5,3,3,5,3,3,3,5,5,1,6,32,A3VOMP0WOJTB4I,1,Chrome,35.0.1916.153,Windows NT 6.2,1366x768,14.0.0,1,"Mozilla/5.0 (Windows NT 6.2; WOW64) AppleWebKit/537.36 (KHTML, like Gecko) Chrome/35.0.1916.153 Safari/537.36",18.975006103516,72.825805664062,-1,
R_3xY76gqg90vxZxr,Default Response Set,Anonymous,,,117.248.41.202,0,2014-07-19 09:57:39,2014-07-19 10:03:21,1,1,24,,1,2,9,,1,25,27,19,15,7,6,7,6,7,7,6,1,45,7,7,20,27,14,7,1,2,6,6,6,6,6,6,6,6,5,3,1,6,33,A26TBV1JAV53AC,1,Chrome,34.0.1847.137,Windows NT 6.1,1366x768,13.0.0,1,"Mozilla/5.0 (Windows NT 6.1) AppleWebKit/537.36 (KHTML, like Gecko) Chrome/34.0.1847.137 Safari/537.36",20,77,-1,
R_6KiMBwEBE7Jt0Ql,Default Response Set,Anonymous,,,59.182.139.95,0,2014-07-19 10:03:39,2014-07-19 10:05:08,1,1,22,,1,2,9,,1,25,46,18,15,5,6,5,3,4,5,4,1,45,6,5,20,27,12,6,1,5,3,5,5,3,5,3,5,3,5,3,1,6,32,A19HCBT1EH8484,1,Opera,9.80,Windows NT 6.2,1366x768,14.0.0,1,Opera/9.80 (Windows NT 6.2; Win64; x64) Presto/2.12.388 Version/12.16,18.975006103516,72.825805664062,-1,
R_bkldS0hz6kHvyyV,Default Response Set,Anonymous,,,59.88.246.37,0,2014-07-19 11:21:31,2014-07-19 11:25:33,1,1,23,,1,2,9,,1,21,44,15,11,2,2,6,2,3,2,4,1,45,7,6,21,26,13,6,1,6,2,2,2,2,3,2,2,3,5,3,1,5,30,ABNNRMNAR6TCH,1,Chrome,35.0.1916.153,Windows NT 6.1,1366x768,14.0.0,1,"Mozilla/5.0 (Windows NT 6.1) AppleWebKit/537.36 (KHTML, like Gecko) Chrome/35.0.1916.153 Safari/537.36",10.516693115234,76.216705322266,-1,
R_08pbxsGMDc8C8iF,Default Response Set,Anonymous,,,101.222.243.105,0,2014-07-19 11:23:37,2014-07-19 11:31:09,1,1,25,,1,2,9,,1,26,28,20,16,7,7,7,6,7,7,7,1,46,7,7,21,27,14,7,1,1,7,7,7,7,6,7,7,2,1,3,1,7,34,A2XVTSK0ZFURQ1,1,Chrome,35.0.1916.153,Windows NT 6.1,1366x768,14.0.0,1,"Mozilla/5.0 (Windows NT 6.1; WOW64) AppleWebKit/537.36 (KHTML, like Gecko) Chrome/35.0.1916.153 Safari/537.36",12.983306884766,77.583312988281,-1,
R_aft5jtakgQdYOJn,Default Response Set,Anonymous,,,59.93.161.218,0,2014-07-19 11:44:01,2014-07-19 11:49:47,1,1,24,,2,2,9,,1,21,45,16,11,7,7,7,7,7,7,7,1,45,8,8,22,23,11,4,1,6,7,6,6,1,6,6,2,6,6,6,1,5,32,A2VPSJUVEU07KR,1,Chrome,36.0.1985.125,Windows NT 6.1,1366x768,14.0.0,1,"Mozilla/5.0 (Windows NT 6.1) AppleWebKit/537.36 (KHTML, like Gecko) Chrome/36.0.1985.125 Safari/537.36",11.929992675781,79.829986572266,-1,
R_ahnENMLNiqOT1cx,Default Response Set,Anonymous,,,59.90.167.88,0,2014-07-19 12:06:41,2014-07-19 12:14:50,1,1,26,,1,2,9,,1,21,27,16,10,5,3,6,2,4,5,6,1,40,3,1,19,26,13,6,1,5,2,2,3,1,2,2,5,3,5,2,1,2,29,A244JW15UVAM42,1,Chrome,35.0.1916.153,Windows NT 5.1,1024x768,14.0.0,1,"Mozilla/5.0 (Windows NT 5.1) AppleWebKit/537.36 (KHTML, like Gecko) Chrome/35.0.1916.153 Safari/537.36",8.5068969726562,76.956909179688,-1,
R_0kPvB8JUBAtAFWl,Default Response Set,Anonymous,,,59.90.167.88,0,2014-07-19 12:15:53,2014-07-19 12:20:06,1,1,25,,1,2,9,,1,24,27,18,14,5,4,6,5,6,6,7,1,43,6,4,19,28,13,6,1,5,5,3,3,5,5,5,7,6,6,5,1,6,32,A3EGIUPKLP7317,1,MSIE,8.0,Windows NT 5.1,1024x768,6.0.88.0,1,Mozilla/4.0 (compatible; MSIE 8.0; Windows NT 5.1; Trident/4.0),8.5068969726562,76.956909179688,-1,
R_6EACxnwrxSltuyp,Default Response Set,Anonymous,,,59.96.249.133,0,2014-07-19 13:52:54,2014-07-19 14:02:19,1,1,24,,1,2,9,,1,26,28,20,15,6,5,7,5,7,7,7,1,45,6,7,20,28,14,7,1,1,6,5,6,6,5,6,7,6,2,5,1,7,33,A3518NR8TQZ1KX,1,Firefox,10.0,Windows NT 6.1,1366x768,14.0.0,0,Mozilla/5.0 (Windows NT 6.1; WOW64; rv:10.0) Gecko/20100101 Firefox/10.0,9.9667053222656,76.233306884766,-1,
R_7X7mZBiVoVRylWR,Default Response Set,Anonymous,,,122.164.95.98,0,2014-07-19 14:01:06,2014-07-19 14:02:36,1,1,26,,1,1,9,,1,25,27,20,16,7,6,7,6,7,7,7,1,46,7,6,21,26,13,6,1,3,5,5,6,5,5,5,5,5,3,5,1,6,33,AVQ23YRFWZKHH,1,Chrome,36.0.1985.125,Windows NT 6.1,1024x768,14.0.0,1,"Mozilla/5.0 (Windows NT 6.1) AppleWebKit/537.36 (KHTML, like Gecko) Chrome/36.0.1985.125 Safari/537.36",13.083297729492,80.283294677734,-1,
R_5sUgEOKRp4406Q5,Default Response Set,Anonymous,,,116.203.138.35,0,2014-07-19 13:58:06,2014-07-19 14:04:11,1,1,24,,1,2,9,,1,24,27,18,14,7,7,6,4,6,6,7,1,45,5,6,20,26,13,5,1,6,5,4,5,5,5,6,3,3,4,3,1,6,32,A16892INPPT1Z5,1,Chrome,35.0.1916.153,Windows NT 5.1,1024x768,14.0.0,1,"Mozilla/5.0 (Windows NT 5.1) AppleWebKit/537.36 (KHTML, like Gecko) Chrome/35.0.1916.153 Safari/537.36",13.083297729492,80.283294677734,-1,
R_6WK7SEkn3VEXOnj,Default Response Set,Anonymous,,,103.15.63.50,0,2014-07-19 14:55:48,2014-07-19 14:58:22,1,1,26,,2,2,9,,1,25,27,19,16,6,7,6,6,5,6,6,1,46,7,5,21,27,13,6,1,6,6,6,6,5,5,7,5,5,5,5,1,6,34,A185AZCHDI3K4O,1,Chrome,36.0.1985.125,Windows NT 5.1,1280x800,14.0.0,1,"Mozilla/5.0 (Windows NT 5.1) AppleWebKit/537.36 (KHTML, like Gecko) Chrome/36.0.1985.125 Safari/537.36",17.375305175781,78.474395751953,-1,
R_7UnCDdEZqAUaaup,Default Response Set,Anonymous,,,117.222.149.237,0,2014-07-19 15:45:53,2014-07-19 15:47:16,1,1,30,1,,,,,,,,,,,,,,,,,,,,,,,,,,,,,,,,,,,,,,,,,,,,,,,,,9.9833068847656,76.283294677734,-1,
R_4TnxKNcGnPqAosJ,Default Response Set,Anonymous,,,117.208.235.28,0,2014-07-19 16:30:17,2014-07-19 16:31:57,1,1,26,,2,2,9,,1,24,47,18,14,7,7,7,7,7,7,7,1,43,4,4,18,25,11,4,1,4,4,4,4,4,4,4,4,4,4,4,1,4,31,A3JSQQSFSORW59,1,Opera,9.80,Windows NT 6.1,1366x768,14.0.0,0,Opera/9.80 (Windows NT 6.1) Presto/2.12.388 Version/12.17,11.929992675781,79.829986572266,-1,
R_eqEx1UnstROPG5L,Default Response Set,Anonymous,,,101.63.148.178,0,2014-07-19 17:06:39,2014-07-19 17:15:45,1,1,26,,1,1,9,,1,23,46,18,14,1,5,5,4,5,7,5,1,44,5,5,19,25,11,5,1,5,4,4,5,3,3,4,4,6,5,3,1,4,32,A15YF53JJK7MRC,1,Chrome,36.0.1985.125,Windows NT 6.2,1366x768,14.0.0,1,"Mozilla/5.0 (Windows NT 6.2) AppleWebKit/537.36 (KHTML, like Gecko) Chrome/36.0.1985.125 Safari/537.36",18.975006103516,72.825805664062,-1,
R_8JlFuaKSt5djGId,Default Response Set,Anonymous,,,117.193.235.231,0,2014-07-19 17:52:48,2014-07-19 17:55:39,1,1,24,,1,2,9,,1,25,27,20,16,7,7,7,7,7,7,7,1,46,7,7,21,28,14,7,1,1,7,7,7,7,7,7,7,7,7,3,1,7,34,A1G63BW5ZBPS36,1,Firefox,30.0,Windows NT 5.1,1024x768,11.9.900,1,Mozilla/5.0 (Windows NT 5.1; rv:30.0) Gecko/20100101 Firefox/30.0,13.083297729492,80.283294677734,-1,
R_eyDlEsoZMYD9esd,Default Response Set,Anonymous,,,119.235.55.66,0,2014-07-19 19:14:54,2014-07-19 19:18:31,1,1,23,,1,2,9,,1,24,27,18,11,5,3,5,6,5,6,4,1,43,5,5,20,25,12,5,1,6,4,5,5,3,3,5,6,5,5,5,1,5,31,AVUB4GDC2GE48,1,Chrome,36.0.1985.125,Windows NT 6.1,1280x800,14.0.0,1,"Mozilla/5.0 (Windows NT 6.1) AppleWebKit/537.36 (KHTML, like Gecko) Chrome/36.0.1985.125 Safari/537.36",18,79.583312988281,-1,
R_73QytIP3fLOzNFr,Default Response Set,Anonymous,,,117.217.133.162,0,2014-07-19 19:16:52,2014-07-19 19:19:39,1,1,22,,1,2,9,,1,24,46,18,12,6,5,4,5,3,3,5,1,44,5,5,20,25,10,4,1,4,3,5,3,5,5,5,5,5,5,4,1,3,31,A35Y9YHW91OY2U,1,Chrome,36.0.1985.125,Windows NT 6.2,1440x900,14.0.0,1,"Mozilla/5.0 (Windows NT 6.2) AppleWebKit/537.36 (KHTML, like Gecko) Chrome/36.0.1985.125 Safari/537.36",9.9667053222656,76.233306884766,-1,
R_dhhRwW77gG3kQU5,Default Response Set,Anonymous,,,101.63.199.14,0,2014-07-19 19:28:14,2014-07-19 19:29:56,1,1,26,,1,2,9,,1,23,46,16,12,3,3,5,4,3,3,3,1,45,5,5,20,25,11,4,1,5,5,5,5,7,5,5,5,5,5,5,1,6,32,AXT1JS6KNY7ZJ,1,Chrome,36.0.1985.125,Windows NT 6.1,1366x768,14.0.0,1,"Mozilla/5.0 (Windows NT 6.1) AppleWebKit/537.36 (KHTML, like Gecko) Chrome/36.0.1985.125 Safari/537.36",12.983306884766,77.583312988281,-1,
R_3fPovUKFFUE2Hm5,Default Response Set,Anonymous,,,49.200.245.173,0,2014-07-19 19:25:50,2014-07-19 19:34:45,1,1,26,,1,2,9,,1,26,28,20,16,7,6,7,6,7,7,5,1,46,5,6,19,27,14,7,1,1,7,4,4,7,4,7,1,7,2,4,1,7,34,A3HQ2BMN5WXE86,1,Firefox,30.0,Windows NT 6.1,1366x768,13.0.0,1,Mozilla/5.0 (Windows NT 6.1; WOW64; rv:30.0) Gecko/20100101 Firefox/30.0,18.533294677734,73.86669921875,-1,
R_bwIZF2fKiaUUY9n,Default Response Set,Anonymous,,,223.236.80.135,0,2014-07-19 19:39:20,2014-07-19 19:40:52,1,1,24,,1,2,10,1,,,,,,,,,,,,,,,,,,,,,,,,,,,,,,,,,,,,,,,,,,,,,13.083297729492,80.283294677734,-1,
R_5c2WVXpFaZD6ptH,Default Response Set,Anonymous,,,111.91.83.168,0,2014-07-19 19:52:02,2014-07-19 19:56:34,1,1,25,,1,2,9,,1,26,28,20,16,7,7,7,7,7,7,7,1,45,6,6,20,27,13,6,1,7,7,7,7,7,7,7,7,7,7,7,1,7,34,A3POUCLFNZ54RY,1,Firefox,30.0,Windows NT 6.1,1366x768,11.5.502,0,Mozilla/5.0 (Windows NT 6.1; WOW64; rv:30.0) Gecko/20100101 Firefox/30.0,19.300003051758,73.066696166992,-1,
R_5165oov3T027qUl,Default Response Set,Anonymous,,,1.22.204.92,0,2014-07-19 20:09:22,2014-07-19 20:09:44,1,2,,,,,,,,,,,,,,,,,,,,,,,,,,,,,,,,,,,,,,,,,,,,,,,,,,,12.983306884766,77.583312988281,-1,
R_8pQVNMZalDtBiol,Default Response Set,Anonymous,,,1.22.204.92,0,2014-07-19 20:10:32,2014-07-19 20:14:39,1,1,25,,1,2,9,,1,24,47,18,14,5,5,5,5,6,6,6,1,45,6,6,20,27,13,6,1,5,5,6,5,5,5,5,5,5,5,3,1,5,32,A39RBYX03I6A51,1,Chrome,36.0.1985.125,Windows NT 6.1,1024x768,14.0.0,1,"Mozilla/5.0 (Windows NT 6.1) AppleWebKit/537.36 (KHTML, like Gecko) Chrome/36.0.1985.125 Safari/537.36",12.983306884766,77.583312988281,-1,
R_42uNNGl7yIpIt0h,Default Response Set,Anonymous,,,103.242.190.179,0,2014-07-19 20:28:45,2014-07-19 20:29:34,1,1,28,1,,,,,,,,,,,,,,,,,,,,,,,,,,,,,,,,,,,,,,,,,,,,,,,,,22.569702148438,88.369689941406,-1,
R_512XkQbVid817Gl,Default Response Set,Anonymous,,,117.196.121.235,0,2014-07-19 20:42:06,2014-07-19 21:37:09,1,1,25,,1,2,9,,1,25,28,20,16,7,7,7,7,7,7,7,1,46,7,6,21,27,14,6,1,6,6,2,3,6,6,6,6,6,5,5,1,6,34,AV0WJQG48WEU5,1,Chrome,35.0.1916.114,Windows NT 6.1,1280x800,14.0.0,1,"Mozilla/5.0 (Windows NT 6.1) AppleWebKit/537.36 (KHTML, like Gecko) Chrome/35.0.1916.114 Safari/537.36",23.033294677734,72.61669921875,-1,
R_ehP3ZeT3Behtun3,Default Response Set,Anonymous,,,42.104.60.189,0,2014-07-20 02:02:03,2014-07-20 02:13:44,1,1,25,,1,2,9,,1,26,28,20,16,6,7,7,7,7,6,6,1,47,8,8,20,28,14,7,1,6,7,6,5,6,4,7,1,6,5,4,1,7,34,A2FEYDJ3A2DHSK,1,Safari,4.0,Android 4.1.2,480x800,-1,0,"Mozilla/5.0 (Linux; U; Android 4.1.2; en-gb; GT-I8160 Build/JZO54K) AppleWebKit/534.30 (KHTML, like Gecko) Version/4.0 Mobile Safari/534.30",13.083297729492,80.283294677734,-1,
R_cYna2h1OufvmBnL,Default Response Set,Anonymous,,,71.50.190.164,0,2014-07-21 16:02:59,2014-07-21 16:05:29,1,1,20,,2,1,9,,1,26,28,20,16,7,7,7,5,7,7,7,1,46,7,7,21,28,14,7,1,4,7,4,4,4,7,7,7,7,1,1,1,7,34,A0533430WOF7V9XR82TB,1,Chrome,36.0.1985.125,Windows NT 6.1,1360x768,14.0.0,1,"Mozilla/5.0 (Windows NT 6.1; WOW64) AppleWebKit/537.36 (KHTML, like Gecko) Chrome/36.0.1985.125 Safari/537.36",35.59880065918,-77.587600708008,-1,
R_77dKGJptpKoGFmd,Default Response Set,Anonymous,,,70.91.221.125,0,2014-07-21 16:06:51,2014-07-21 16:08:50,1,1,24,,1,1,9,,1,26,28,20,15,6,4,7,5,7,7,7,1,45,6,6,21,28,13,6,1,2,6,4,5,6,6,6,6,6,4,6,1,6,33,A1P25V17Q78Z93,1,Firefox,30.0,Windows NT 6.1,1280x1024,14.0.0,1,Mozilla/5.0 (Windows NT 6.1; rv:30.0) Gecko/20100101 Firefox/30.0,41.864807128906,-72.681900024414,-1,
R_4UUvZKtWIZijuAt,Default Response Set,Anonymous,,,96.245.23.165,0,2014-07-21 16:06:01,2014-07-21 16:09:18,1,1,26,,1,1,9,,1,25,28,20,15,5,4,5,3,6,6,4,1,43,6,6,21,28,14,6,1,3,7,6,4,6,3,5,5,7,2,5,1,6,33,A3FYJQQRZL4KJ8,1,Safari,5.1.9,Macintosh,1440x900,14.0.0,1,"Mozilla/5.0 (Macintosh; Intel Mac OS X 10_6_8) AppleWebKit/534.59.10 (KHTML, like Gecko) Version/5.1.9 Safari/534.59.10",40.335693359375,-75.926902770996,-1,
R_enXswQihPu8Y1xj,Default Response Set,Anonymous,,,173.19.247.131,0,2014-07-21 16:08:28,2014-07-21 16:10:00,1,1,24,,1,1,9,,1,26,28,20,16,7,5,7,5,7,7,7,1,45,5,7,20,28,14,7,1,5,6,6,5,6,6,6,6,6,3,3,1,7,34,AFWKRID53R1XA,1,Chrome,36.0.1985.125,Windows NT 6.1,1920x1080,14.0.0,1,"Mozilla/5.0 (Windows NT 6.1; WOW64) AppleWebKit/537.36 (KHTML, like Gecko) Chrome/36.0.1985.125 Safari/537.36",44.674194335938,-93.410301208496,-1,
R_2n16Lln9gG3EECN,Default Response Set,Anonymous,,,201.220.7.19,0,2014-07-21 16:05:36,2014-07-21 16:10:10,1,1,25,,1,1,9,,1,26,28,20,14,7,4,7,3,7,6,2,1,46,6,6,21,25,14,7,1,7,7,4,6,2,5,7,7,3,7,6,1,7,33,A1HEQK6DW6EQIT,1,Chrome,36.0.1985.125,Windows NT 6.1,1280x1024,14.0.0,1,"Mozilla/5.0 (Windows NT 6.1; WOW64) AppleWebKit/537.36 (KHTML, like Gecko) Chrome/36.0.1985.125 Safari/537.36",12.100006103516,-68.916702270508,-1,
R_bdTkxqAuwOexFch,Default Response Set,Anonymous,,,70.184.120.157,0,2014-07-21 16:07:35,2014-07-21 16:10:16,1,1,26,,1,1,9,,1,25,27,19,16,3,3,6,4,6,6,6,1,45,5,4,20,27,13,6,1,4,6,6,6,6,5,6,6,6,5,5,1,6,34,A207IHY6GERCFO,1,Chrome,36.0.1985.125,Windows NT 6.1,1360x768,14.0.0,1,"Mozilla/5.0 (Windows NT 6.1; WOW64) AppleWebKit/537.36 (KHTML, like Gecko) Chrome/36.0.1985.125 Safari/537.36",33.454895019531,-112.07769775391,-1,
R_8kwdW53uo8T7S8R,Default Response Set,Anonymous,,,172.56.28.58,0,2014-07-21 16:08:40,2014-07-21 16:10:41,1,1,24,,1,1,9,,1,21,46,18,12,4,4,7,4,5,5,5,1,45,5,5,19,26,12,4,1,6,4,6,6,5,6,7,6,6,6,4,1,4,31,A1IXKR4EJL9CB5,1,Chrome,11.0.696.34, Linux x86_64,1080x1920,-1,0,"Mozilla/5.0 (X11; Linux x86_64) AppleWebKit/534.24 (KHTML, like Gecko) Chrome/11.0.696.34 Safari/534.24",38,-97,-1,
R_3dFtQf03YQCn0iN,Default Response Set,Anonymous,,,70.138.58.249,0,2014-07-21 16:07:27,2014-07-21 16:11:16,1,1,25,,2,1,9,,1,26,28,19,16,6,5,7,3,7,7,6,1,45,6,7,21,27,14,7,1,2,6,7,7,6,5,6,5,5,1,3,1,7,33,A24DZU2LIWZQCG,1,Chrome,36.0.1985.125,Windows NT 6.3,1366x768,14.0.0,1,"Mozilla/5.0 (Windows NT 6.3; WOW64) AppleWebKit/537.36 (KHTML, like Gecko) Chrome/36.0.1985.125 Safari/537.36",29.768600463867,-95.504402160645,-1,
R_a4Sf8Gq1IvppCSx,Default Response Set,Anonymous,,,24.61.235.251,0,2014-07-21 16:10:06,2014-07-21 16:11:29,1,1,26,,1,1,9,,1,20,28,17,10,1,1,1,1,1,1,1,1,43,4,4,18,25,11,4,1,4,4,4,4,4,4,4,4,4,4,4,1,4,30,A2S7Z0MEY4PKLP,1,Chrome,37.0.2062.20,Windows NT 6.3,1920x1080,14.0.0,1,"Mozilla/5.0 (Windows NT 6.3; WOW64) AppleWebKit/537.36 (KHTML, like Gecko) Chrome/37.0.2062.20 Safari/537.36",43.234497070312,-71.52269744873,-1,
R_b4v3AqIUy7Pdxdz,Default Response Set,Anonymous,,,67.45.101.48,0,2014-07-21 16:08:51,2014-07-21 16:11:56,1,1,21,,1,1,9,,1,25,27,19,15,7,7,7,7,7,7,7,1,46,7,7,21,27,13,6,1,2,6,5,6,6,5,4,5,6,6,6,1,6,33,A2GXHECU31O81V,1,Chrome,25.0.1364.172,Windows NT 6.1,1920x1080,11.6.602,1,"Mozilla/5.0 (Windows NT 6.1; WOW64) AppleWebKit/537.22 (KHTML, like Gecko) Chrome/25.0.1364.172 Safari/537.22",38,-97,-1,
R_6M4ygrtYOpTJiqV,Default Response Set,Anonymous,,,174.97.243.57,0,2014-07-21 16:12:09,2014-07-21 16:13:50,1,1,21,,2,1,9,,1,25,27,19,15,6,4,5,4,5,4,4,1,45,3,5,21,27,13,6,1,3,6,5,5,5,6,5,5,5,6,6,1,6,33,A38WUWONC7EXTO,1,Chrome,35.0.1916.153,Windows NT 6.1,1366x768,14.0.0,1,"Mozilla/5.0 (Windows NT 6.1; WOW64) AppleWebKit/537.36 (KHTML, like Gecko) Chrome/35.0.1916.153 Safari/537.36",35.913299560547,-79.159202575684,-1,
R_3kqRsmibNjNVF7T,Default Response Set,Anonymous,,,24.104.251.131,0,2014-07-21 16:12:31,2014-07-21 16:15:03,1,1,26,,1,1,9,,1,26,28,20,16,7,3,7,2,7,7,7,1,46,7,7,21,28,14,7,1,3,5,3,5,6,6,5,6,5,3,6,1,6,34,A1MGP6RT6R6HS7,1,Chrome,35.0.1916.153,Macintosh,1440x900,14.0.0,1,"Mozilla/5.0 (Macintosh; Intel Mac OS X 10_6_8) AppleWebKit/537.36 (KHTML, like Gecko) Chrome/35.0.1916.153 Safari/537.36",40.850402832031,-73.936897277832,-1,
R_b3nHBd5qpDxKkol,Default Response Set,Anonymous,,,173.48.102.131,0,2014-07-21 16:13:01,2014-07-21 16:16:24,1,1,26,,1,1,9,,1,25,27,19,15,6,3,7,1,7,6,7,1,45,6,6,20,26,12,5,1,2,5,4,4,7,7,5,7,6,7,7,1,6,33,A1XVQIK7RFYQ72,1,Firefox,30.0,Windows NT 6.1,1536x864,14.0.0,1,Mozilla/5.0 (Windows NT 6.1; WOW64; rv:30.0) Gecko/20100101 Firefox/30.0,42.345794677734,-71.550598144531,-1,
R_9oEKC4o3eXMuh9j,Default Response Set,Anonymous,,,115.186.102.129,0,2014-07-21 16:13:48,2014-07-21 16:16:46,1,1,20,,1,1,9,,1,26,28,20,15,7,4,7,4,7,7,7,1,46,8,7,21,26,13,6,1,4,7,7,6,7,6,7,7,7,5,4,1,7,32,A21DCHQ7M1EWVB,1,Chrome,35.0.1916.114,Macintosh,1280x800,14.0.0,1,"Mozilla/5.0 (Macintosh; Intel Mac OS X 10_6_8) AppleWebKit/537.36 (KHTML, like Gecko) Chrome/35.0.1916.114 Safari/537.36",24.90559387207,67.08219909668,-1,
R_agyqR33VggnFXQ9,Default Response Set,Anonymous,,,98.164.126.74,0,2014-07-21 16:14:27,2014-07-21 16:17:17,1,1,26,,1,1,9,,1,26,28,20,16,7,7,7,6,7,7,7,1,45,6,5,21,28,14,7,1,2,7,5,5,7,5,5,6,7,4,5,1,7,34,A2NBRQHVXTMDK9,1,Chrome,36.0.1985.125,Windows NT 6.3,1536x864,14.0.0,1,"Mozilla/5.0 (Windows NT 6.3; WOW64) AppleWebKit/537.36 (KHTML, like Gecko) Chrome/36.0.1985.125 Safari/537.36",30.002899169922,-90.103698730469,-1,
R_eCFr3MXor48ezKR,Default Response Set,Anonymous,,,65.191.15.161,0,2014-07-21 16:13:10,2014-07-21 16:17:20,1,1,18,,2,1,9,,1,25,28,20,15,7,3,7,3,7,6,7,1,46,5,6,21,28,13,5,1,5,6,3,6,6,6,6,6,7,1,2,1,7,34,A8NV4W7ZK573W,1,Chrome,35.0.1916.153,Windows NT 6.1,1366x768,14.0.0,1,"Mozilla/5.0 (Windows NT 6.1; WOW64) AppleWebKit/537.36 (KHTML, like Gecko) Chrome/35.0.1916.153 Safari/537.36",35.057006835938,-79.014701843262,-1,
R_cu7OWgRWjg52AYt,Default Response Set,Anonymous,,,65.34.185.137,0,2014-07-21 16:15:49,2014-07-21 16:18:20,1,1,23,,1,1,9,,1,26,28,20,16,7,5,7,4,7,7,7,1,46,6,4,21,28,14,7,1,3,7,3,7,4,7,7,7,7,2,7,1,7,34,AK1G8O7V53NJ8,1,Firefox,29.0,Windows NT 6.1,1366x768,11.7.700,1,Mozilla/5.0 (Windows NT 6.1; WOW64; rv:29.0) Gecko/20100101 Firefox/29.0,26.122299194336,-80.143402099609,-1,
R_79AoOKNcdzQP4eV,Default Response Set,Anonymous,,,100.4.79.171,0,2014-07-21 16:16:01,2014-07-21 16:19:40,1,1,19,,1,1,9,,1,24,27,17,11,6,1,6,2,6,6,6,1,45,5,6,20,24,12,3,1,5,2,1,3,4,5,2,5,3,2,5,1,7,32,A39WBB4FIDISFS,1,Safari,7.0.4,Macintosh,1280x800,14.0.0,1,"Mozilla/5.0 (Macintosh; Intel Mac OS X 10_9_3) AppleWebKit/537.76.4 (KHTML, like Gecko) Version/7.0.4 Safari/537.76.4",36.826705932617,-76.01789855957,-1,
R_5pTa1qDe8VeYE73,Default Response Set,Anonymous,,,162.17.192.9,0,2014-07-21 16:15:57,2014-07-21 16:19:50,1,1,23,,1,1,9,,1,21,47,15,10,4,2,5,3,4,4,4,1,44,4,5,21,27,13,6,1,6,2,1,1,3,4,2,2,2,5,4,1,6,30,A2JRAGFQHBBO0D,1,Chrome,36.0.1985.125,Windows NT 6.1,1920x1080,14.0.0,1,"Mozilla/5.0 (Windows NT 6.1) AppleWebKit/537.36 (KHTML, like Gecko) Chrome/36.0.1985.125 Safari/537.36",38.895095825195,-77.036399841309,-1,
R_bypBnbFZryHz2zr,Default Response Set,Anonymous,,,75.66.155.59,0,2014-07-21 16:17:55,2014-07-21 16:20:45,1,1,24,,1,1,9,,1,24,27,18,11,7,4,7,1,4,4,5,1,46,8,8,21,27,14,7,1,5,3,3,3,3,6,2,4,3,7,5,1,7,30,A28UD4R0U87N3W,1,Chrome,31.0.1700.0,Windows NT 6.1,1680x1050,14.0.0,1,"Mozilla/5.0 (Windows NT 6.1; WOW64) AppleWebKit/537.36 (KHTML, like Gecko) Iron/31.0.1700.0 Chrome/31.0.1700.0 Safari/537.36",32.520599365234,-92.106597900391,-1,
R_1ZYtIFgIopNjPgN,Default Response Set,Anonymous,,,71.47.253.24,0,2014-07-21 16:20:20,2014-07-21 16:23:14,1,1,26,,1,1,9,,1,25,27,19,15,7,5,7,2,7,7,7,1,46,7,7,21,27,14,7,1,5,6,5,5,2,6,6,6,6,4,6,1,6,33,AT6HH4TKU4WNH,1,Chrome,36.0.1985.125,Windows NT 6.1,1400x1050,14.0.0,1,"Mozilla/5.0 (Windows NT 6.1) AppleWebKit/537.36 (KHTML, like Gecko) Chrome/36.0.1985.125 Safari/537.36",28.149002075195,-80.652801513672,-1,
R_3NPnGxcsWAWyhXn,Default Response Set,Anonymous,,,197.157.131.18,0,2014-07-21 16:20:57,2014-07-21 16:23:32,1,1,26,,1,1,9,,1,26,28,20,16,7,7,7,7,7,7,7,1,47,6,7,20,27,13,6,1,3,6,6,6,5,6,6,6,6,6,5,1,6,33,A1G2U62KJ13ZF0,1,Chrome,35.0.1916.153,Macintosh,1280x800,14.0.0,1,"Mozilla/5.0 (Macintosh; Intel Mac OS X 10_9_2) AppleWebKit/537.36 (KHTML, like Gecko) Chrome/35.0.1916.153 Safari/537.36 OPR/22.0.1471.70",-1.9535980224609,30.060592651367,-1,
R_envbwEadfxCGWtn,Default Response Set,Anonymous,,,206.221.127.34,0,2014-07-21 16:22:09,2014-07-21 16:23:42,1,1,24,,1,1,9,,1,26,28,20,16,6,6,6,6,7,7,7,1,46,6,6,21,28,14,7,1,3,6,5,4,6,5,6,5,6,5,5,1,7,34,A1HGJ7P0U12ZH8,1,Chrome,36.0.1985.125,Windows NT 6.1,1366x768,14.0.0,1,"Mozilla/5.0 (Windows NT 6.1) AppleWebKit/537.36 (KHTML, like Gecko) Chrome/36.0.1985.125 Safari/537.36",39.961196899414,-82.998802185059,-1,
R_2mjdhayb9k6IPtz,Default Response Set,Anonymous,,,49.144.174.45,0,2014-07-21 16:15:21,2014-07-21 16:23:54,1,1,20,,1,1,9,,1,26,28,20,16,5,6,7,1,7,7,6,1,46,5,7,21,25,14,7,1,3,7,6,6,7,7,7,6,4,5,7,1,7,33,A35TTZLWEA1OOF,1,Chrome,36.0.1985.125,Macintosh,1920x1080,14.0.0,1,"Mozilla/5.0 (Macintosh; Intel Mac OS X 10_9_4) AppleWebKit/537.36 (KHTML, like Gecko) Chrome/36.0.1985.125 Safari/537.36",14.641403198242,121.11178588867,-1,
R_ahhOBllPrnpNna5,Default Response Set,Anonymous,,,66.31.134.232,0,2014-07-21 16:21:35,2014-07-21 16:23:55,1,1,22,,2,1,9,,1,26,28,20,16,5,4,7,4,7,7,7,1,46,7,7,21,27,13,6,1,5,7,4,6,7,2,7,7,6,1,3,1,7,34,A2MKYB3G53KJ5S,1,Chrome,36.0.1985.125,Windows NT 6.1,1366x768,14.0.0,1,"Mozilla/5.0 (Windows NT 6.1; WOW64) AppleWebKit/537.36 (KHTML, like Gecko) Chrome/36.0.1985.125 Safari/537.36",41.91130065918,-71.129997253418,-1,
R_6Supd14ngoNkOep,Default Response Set,Anonymous,,,24.124.119.194,0,2014-07-21 16:21:34,2014-07-21 16:24:42,1,1,22,,1,1,9,,1,26,28,20,16,7,5,7,6,7,7,7,1,46,7,8,21,27,14,7,1,1,7,4,7,7,6,7,7,7,1,6,1,7,33,A7I8OUS9AD8XQ,1,Firefox,30.0,Macintosh,1280x800,14.0.0,1,Mozilla/5.0 (Macintosh; Intel Mac OS X 10.9; rv:30.0) Gecko/20100101 Firefox/30.0,39.039306640625,-95.208702087402,-1,
R_eyb9IQFfH84ED1r,Default Response Set,Anonymous,,,75.146.172.161,0,2014-07-21 16:22:12,2014-07-21 16:26:47,1,1,26,,1,1,9,,1,25,28,19,15,7,4,6,3,5,6,5,1,46,6,6,21,27,13,6,1,4,5,4,5,5,5,5,5,5,4,5,1,6,33,AS9E0S6DBSWH7,1,Chrome,36.0.1985.125,Windows NT 6.1,1680x1050,14.0.0,1,"Mozilla/5.0 (Windows NT 6.1; WOW64) AppleWebKit/537.36 (KHTML, like Gecko) Chrome/36.0.1985.125 Safari/537.36",44.779907226562,-93.273696899414,-1,
R_6liPUC55CsfaJTf,Default Response Set,Anonymous,,,24.183.178.6,0,2014-07-21 16:25:06,2014-07-21 16:27:05,1,1,24,,2,1,9,,1,26,28,20,16,6,4,6,4,6,6,6,1,43,5,7,20,28,14,7,1,4,6,4,4,5,4,6,6,5,3,4,1,6,34,A1MM8TSLCHVMNK,1,Chrome,36.0.1985.125,Windows NT 6.3,1366x768,14.0.0,1,"Mozilla/5.0 (Windows NT 6.3; WOW64) AppleWebKit/537.36 (KHTML, like Gecko) Chrome/36.0.1985.125 Safari/537.36",42.05810546875,-71.846603393555,-1,
R_eWgqpcINMkhwboF,Default Response Set,Anonymous,,,162.212.212.30,0,2014-07-21 16:25:23,2014-07-21 16:27:11,1,1,25,,2,1,9,,1,26,28,20,16,7,7,7,7,7,7,7,1,46,7,7,21,28,14,7,1,1,7,7,7,2,7,7,7,7,7,7,1,7,34,A17858TKOUGG2G,1,Chrome,32.0.1700.76,Windows NT 6.1,1600x900,12.0.0,1,"Mozilla/5.0 (Windows NT 6.1) AppleWebKit/537.36 (KHTML, like Gecko) Chrome/32.0.1700.76 Safari/537.36",27.947494506836,-82.458396911621,-1,
R_3OfUAPskXK6gMYd,Default Response Set,Anonymous,,,68.39.2.54,0,2014-07-21 16:25:12,2014-07-21 16:27:25,1,1,24,,2,1,9,,1,25,27,20,15,7,6,6,2,6,6,6,1,46,5,6,20,28,14,7,1,3,6,2,2,6,3,6,6,6,6,6,1,6,33,A1I0W3CT6R2DMV,1,Chrome,36.0.1985.125,Windows NT 6.3,1920x1080,14.0.0,1,"Mozilla/5.0 (Windows NT 6.3; WOW64) AppleWebKit/537.36 (KHTML, like Gecko) Chrome/36.0.1985.125 Safari/537.36",40.650604248047,-74.26000213623,-1,
R_3aQyNVR0SCXhPz7,Default Response Set,Anonymous,,,71.174.55.224,0,2014-07-21 16:25:07,2014-07-21 16:28:05,1,1,20,,2,1,9,,1,24,28,18,12,4,4,4,4,4,4,4,1,45,6,7,21,27,14,7,1,4,4,4,5,4,4,4,5,5,4,4,1,1,28,A17BDRX1RTZSSC,1,Safari,7.0.4,Macintosh,1280x800,14.0.0,1,"Mozilla/5.0 (Macintosh; Intel Mac OS X 10_9_3) AppleWebKit/537.76.4 (KHTML, like Gecko) Version/7.0.4 Safari/537.76.4",42.485305786133,-71.441802978516,-1,
R_cw01MYEMdP2gwdf,Default Response Set,Anonymous,,,152.21.14.20,0,2014-07-21 16:26:45,2014-07-21 16:28:57,1,1,22,,1,1,9,,1,24,27,18,11,6,4,6,4,6,5,5,1,46,3,7,21,27,13,6,1,3,5,5,5,5,5,5,5,5,3,5,1,4,32,A1RCDAI32PL3SK,1,Chrome,35.0.1916.153,Windows NT 6.1,1920x1080,14.0.0,1,"Mozilla/5.0 (Windows NT 6.1; WOW64) AppleWebKit/537.36 (KHTML, like Gecko) Chrome/35.0.1916.153 Safari/537.36",34.697204589844,-79.168296813965,-1,
R_cG5FnqWSKjA2rHf,Default Response Set,Anonymous,,,98.167.182.172,0,2014-07-21 16:26:03,2014-07-21 16:29:43,1,1,25,,2,1,9,,1,24,47,18,14,5,3,7,2,5,5,6,1,46,6,5,20,27,14,6,1,3,5,3,3,4,3,5,5,5,2,3,1,5,31,A3H6C8N09ZMJEO,1,Chrome,36.0.1985.125,Windows NT 6.1,1920x1080,14.0.0,1,"Mozilla/5.0 (Windows NT 6.1; WOW64) AppleWebKit/537.36 (KHTML, like Gecko) Chrome/36.0.1985.125 Safari/537.36",33.448394775391,-112.07399749756,-1,
R_8k85weVk9mDIvK5,Default Response Set,Anonymous,,,129.89.251.156,0,2014-07-21 16:27:54,2014-07-21 16:30:22,1,1,23,,1,1,9,,1,25,27,19,15,6,6,6,6,6,6,6,1,45,6,6,20,27,13,6,1,3,5,4,4,5,5,5,5,5,5,5,1,6,34,A2RHFH503I5D3S,1,Safari,6.1.4,Macintosh,2560x1440,14.0.0,1,"Mozilla/5.0 (Macintosh; Intel Mac OS X 10_8_5) AppleWebKit/537.76.4 (KHTML, like Gecko) Version/6.1.4 Safari/537.76.4",43.03889465332,-87.90650177002,-1,
R_6s67V1vhU8dBSSx,Default Response Set,Anonymous,,,63.95.64.254,0,2014-07-21 16:32:06,2014-07-21 16:34:43,1,1,26,,1,1,9,,1,23,47,17,12,5,4,4,4,5,5,5,1,43,4,4,19,25,11,4,1,4,4,4,4,5,5,3,4,5,3,5,1,4,31,A1LPM9HYNFJEM5,1,Chrome,36.0.1985.125,Windows NT 6.1,1920x1080,14.0.0,1,"Mozilla/5.0 (Windows NT 6.1; WOW64) AppleWebKit/537.36 (KHTML, like Gecko) Chrome/36.0.1985.125 Safari/537.36",30.456405639648,-97.693801879883,-1,
R_bJJNogiUYQMgkst,Default Response Set,Anonymous,,,24.208.63.129,0,2014-07-21 16:28:46,2014-07-21 16:37:14,1,1,24,,1,1,9,,1,26,28,20,16,7,1,7,1,7,7,7,1,46,3,7,21,28,14,7,1,2,6,7,6,7,7,7,7,6,5,5,1,7,34,A22QRLP3EV98YW,1,Chrome,35.0.1916.153,Windows NT 6.1,1920x1080,14.0.0,1,"Mozilla/5.0 (Windows NT 6.1; WOW64) AppleWebKit/537.36 (KHTML, like Gecko) Chrome/35.0.1916.153 Safari/537.36",44.245300292969,-88.364799499512,-1,
R_b3ogFFmXu7QjK2V,Default Response Set,Anonymous,,,70.188.162.151,0,2014-07-21 16:31:27,2014-07-21 16:37:23,1,1,24,,1,1,9,,1,25,27,19,15,5,3,5,3,5,5,5,1,46,5,6,21,27,14,7,1,1,6,4,3,7,4,7,7,7,1,4,1,7,33,A14CUGHBDKYY8H,1,Firefox,30.0,Windows NT 6.1,1920x1080,14.0.0,0,Mozilla/5.0 (Windows NT 6.1; WOW64; rv:30.0) Gecko/20100101 Firefox/30.0,41.923492431641,-72.655700683594,-1,
R_38BKZiKJ1hCv7JH,Default Response Set,Anonymous,,,23.123.85.18,0,2014-07-21 16:46:03,2014-07-21 16:57:21,1,1,22,,1,1,9,,1,24,47,18,14,6,4,5,3,4,4,5,1,47,8,5,22,27,14,7,1,4,4,3,4,4,4,3,4,4,4,4,1,7,32,A2GS6VJEP91PA9,1,Chrome,36.0.1985.125,Windows NT 6.3,1366x768,14.0.0,1,"Mozilla/5.0 (Windows NT 6.3; WOW64) AppleWebKit/537.36 (KHTML, like Gecko) Chrome/36.0.1985.125 Safari/537.36",41.172302246094,-73.201400756836,-1,
R_6PznABlTpLJCWnX,Default Response Set,Anonymous,,,66.87.98.146,0,2014-07-21 18:36:39,2014-07-21 18:40:23,1,1,26,,1,1,9,,1,25,27,19,15,7,5,7,4,6,6,6,1,45,5,4,20,27,13,6,1,3,6,5,6,5,5,6,6,5,4,3,1,6,33,AO9W3XGPFLD6P,1,Chrome,35.0.1916.153,Windows NT 6.1,1366x768,14.0.0,1,"Mozilla/5.0 (Windows NT 6.1; WOW64) AppleWebKit/537.36 (KHTML, like Gecko) Chrome/35.0.1916.153 Safari/537.36",32.766799926758,-96.599197387695,-1,
R_5zQw8hudg9Ccqe9,Default Response Set,Anonymous,,,99.65.237.117,0,2014-07-21 19:02:39,2014-07-21 19:05:52,1,1,19,,1,1,9,,1,25,27,20,14,5,6,7,5,5,6,5,1,45,5,6,20,26,13,6,1,2,5,1,5,6,2,5,2,3,1,3,1,6,33,A1BPHW0KCTG34P,1,Chrome iPad,30.0.1599.12,iPad,768x1024,-1,0,"Mozilla/5.0 (iPad; CPU OS 7_0 like Mac OS X) AppleWebKit/537.51.1 (KHTML, like Gecko) CriOS/30.0.1599.12 Mobile/11A465 Safari/8536.25 (7DB192FE-9396-457D-802C-6D36836A0640)",29.544692993164,-95.33699798584,-1,
R_7amrLce8QPkU7ch,Default Response Set,Anonymous,,,24.74.145.92,0,2014-07-22 17:44:58,2014-07-22 17:48:21,1,1,24,,1,1,9,,1,20,43,14,9,1,1,4,1,1,1,1,1,44,1,1,19,28,14,7,1,7,1,1,1,1,1,1,1,1,7,7,1,5,29,A1GMFJAOB2CIC,1,Chrome,36.0.1985.125,Windows NT 6.1,1024x600,14.0.0,1,"Mozilla/5.0 (Windows NT 6.1) AppleWebKit/537.36 (KHTML, like Gecko) Chrome/36.0.1985.125 Safari/537.36",34.927307128906,-80.727798461914,-1,
R_4JIREgItngfTAG1,Default Response Set,Anonymous,,,69.124.224.148,0,2014-07-22 18:00:17,2014-07-22 18:01:22,1,1,19,,1,1,9,,1,23,27,18,14,4,4,3,3,5,6,3,1,43,5,6,19,24,12,5,1,4,5,5,5,5,6,5,5,5,4,5,1,6,33,A2XUSD4DG9YHT9,1,Chrome,35.0.1916.153,Macintosh,1440x900,14.0.0,1,"Mozilla/5.0 (Macintosh; Intel Mac OS X 10_9_3) AppleWebKit/537.36 (KHTML, like Gecko) Chrome/35.0.1916.153 Safari/537.36",41.291107177734,-74.748497009277,-1,
R_0l01RF7o7TYRXCt,Default Response Set,Anonymous,,,50.174.35.17,0,2014-07-22 18:00:15,2014-07-22 18:04:45,1,1,25,,2,1,9,,1,26,28,20,16,7,7,7,4,7,7,7,1,46,6,7,21,27,13,6,1,2,7,4,6,7,7,7,7,7,7,4,1,6,34,AH0BHRDEKK5XV,1,Chrome,36.0.1985.125,Windows NT 6.1,1366x768,14.0.0,1,"Mozilla/5.0 (Windows NT 6.1; WOW64) AppleWebKit/537.36 (KHTML, like Gecko) Chrome/36.0.1985.125 Safari/537.36",38.457794189453,-122.68530273438,-1,
R_bg3VevHrTmPHEpL,Default Response Set,Anonymous,,,76.90.30.50,0,2014-07-22 18:07:07,2014-07-22 18:10:30,1,1,22,,1,1,9,,1,26,27,20,16,6,7,7,7,7,7,7,1,46,4,7,21,27,13,6,1,3,6,5,5,6,6,5,5,6,7,3,1,6,34,A2EKR8RZJ75SR9,1,Firefox,30.0,Windows NT 6.2,1366x768,14.0.0,1,Mozilla/5.0 (Windows NT 6.2; WOW64; rv:30.0) Gecko/20100101 Firefox/30.0,33.710998535156,-118.043800354,-1,
R_ewDVaZJwUGRxhNb,Default Response Set,Anonymous,,,68.61.153.90,0,2014-07-22 18:09:07,2014-07-22 18:10:59,1,1,24,,1,1,9,,1,26,47,18,15,2,2,7,2,6,6,6,1,46,6,6,20,27,14,7,1,7,5,1,4,3,5,5,3,3,7,5,1,7,33,A1BDZFVHI4LH44,1,Chrome,36.0.1985.125,Windows NT 6.1,1366x768,14.0.0,1,"Mozilla/5.0 (Windows NT 6.1; WOW64) AppleWebKit/537.36 (KHTML, like Gecko) Chrome/36.0.1985.125 Safari/537.36",42.206100463867,-83.622802734375,-1,
R_80Uzl23jneEKqSF,Default Response Set,Anonymous,,,68.0.196.170,0,2014-07-22 20:56:22,2014-07-22 20:59:26,1,1,25,,3,2,9,,1,25,27,19,15,7,5,7,5,7,6,6,1,44,3,6,21,27,13,5,1,2,5,6,6,6,7,6,6,6,3,7,1,7,33,A2JISAJBHTFGDI,1,Chrome,36.0.1985.125,Macintosh,1280x800,14.0.0,1,"Mozilla/5.0 (Macintosh; Intel Mac OS X 10_6_8) AppleWebKit/537.36 (KHTML, like Gecko) Chrome/36.0.1985.125 Safari/537.36",41.775894165039,-72.521499633789,-1,
R_0cahSu06gxojJE9,Default Response Set,Anonymous,,,68.57.22.30,0,2014-07-22 21:16:54,2014-07-22 21:20:57,1,1,20,,2,1,9,,1,25,27,20,15,6,5,6,5,7,6,5,1,46,6,7,21,27,11,6,1,2,6,4,5,6,4,6,6,5,2,5,1,7,33,AGMSPB6VYCCFK,1,Chrome,35.0.1916.153,Windows NT 6.2,1366x768,14.0.0,1,"Mozilla/5.0 (Windows NT 6.2; WOW64) AppleWebKit/537.36 (KHTML, like Gecko) Chrome/35.0.1916.153 Safari/537.36",40.260498046875,-75.615501403809,-1,
R_5pcCCduuN0ole3H,Default Response Set,Anonymous,,,69.14.223.182,0,2014-07-22 21:57:45,2014-07-22 22:00:28,1,1,26,,1,1,9,,1,24,47,18,14,6,3,6,5,6,5,6,1,46,7,6,21,27,13,7,1,5,3,5,5,5,5,5,6,5,2,6,1,6,32,A2CSV75E3JT58Y,1,Firefox,30.0,Windows NT 5.1,1024x768,14.0.0,0,Mozilla/5.0 (Windows NT 5.1; rv:30.0) Gecko/20100101 Firefox/30.0,42.600494384766,-83.119598388672,-1,
R_2sM5GvwJwxJeZ25,Default Response Set,Anonymous,,,24.205.126.22,0,2014-07-22 22:45:18,2014-07-22 22:49:16,1,1,23,,2,1,9,,1,26,28,20,16,7,7,7,4,7,7,7,1,46,6,6,21,28,14,7,1,1,7,7,7,7,7,7,7,7,7,1,1,7,34,A4PFM9Z80RXUY,1,Safari,7.0.5,Macintosh,1280x800,14.0.0,1,"Mozilla/5.0 (Macintosh; Intel Mac OS X 10_9_4) AppleWebKit/537.77.4 (KHTML, like Gecko) Version/7.0.5 Safari/537.77.4",34.42610168457,-117.57229614258,-1,
R_cAMGFv22rFNgVSd,Default Response Set,Anonymous,,,149.169.123.155,0,2014-07-22 23:54:02,2014-07-22 23:57:49,1,1,23,,2,1,9,,1,26,28,20,16,7,5,7,7,7,7,7,1,46,7,7,21,28,14,7,1,3,7,2,6,6,6,7,7,7,2,5,1,7,34,A3761TN7D10DWB,1,Firefox,30.0,Windows NT 6.1,1920x1200,14.0.0,1,Mozilla/5.0 (Windows NT 6.1; rv:30.0) Gecko/20100101 Firefox/30.0,33.414794921875,-111.90930175781,-1,
R_9uyVVfhVM2HF3iB,Default Response Set,Anonymous,,,108.53.104.88,0,2014-07-23 00:23:09,2014-07-23 00:27:23,1,1,25,,1,1,9,,1,26,28,20,16,7,3,7,4,7,7,7,1,46,7,7,21,26,14,6,1,7,7,7,7,7,4,7,7,7,6,3,1,7,34,AK467M5VTG7N4,1,Firefox,30.0,Windows NT 6.2,1920x1080,14.0.0,0,Mozilla/5.0 (Windows NT 6.2; WOW64; rv:30.0) Gecko/20100101 Firefox/30.0,40.908599853516,-74.152099609375,-1,
R_dbWeHMkMveCvum1,Default Response Set,Anonymous,,,108.38.135.203,0,2014-07-23 04:09:38,2014-07-23 04:13:00,1,1,24,,1,1,9,,1,25,45,18,14,7,7,5,2,7,7,7,1,45,6,7,20,25,13,6,1,3,7,6,5,5,6,5,4,5,6,6,1,5,33, A17H9ST6MW8HND,1,Chrome,36.0.1985.125,Windows NT 6.1,1600x900,14.0.0,1,"Mozilla/5.0 (Windows NT 6.1; WOW64) AppleWebKit/537.36 (KHTML, like Gecko) Chrome/36.0.1985.125 Safari/537.36",33.529998779297,-117.10350036621,-1,
R_eqx0JVoJYkCb4S9,Default Response Set,Anonymous,,,67.255.7.6,0,2014-07-23 04:19:09,2014-07-23 04:21:21,1,1,19,,1,1,9,,1,26,28,20,16,6,5,6,4,7,7,7,1,46,6,7,21,28,14,7,1,2,7,7,7,6,7,6,7,7,6,6,1,7,34,A3UHTQB5NON8E6,1,Chrome,35.0.1916.153,Windows NT 6.1,1366x768,14.0.0,1,"Mozilla/5.0 (Windows NT 6.1; WOW64) AppleWebKit/537.36 (KHTML, like Gecko) Chrome/35.0.1916.153 Safari/537.36",42.407196044922,-76.515899658203,-1,
R_3rDNY4E5ujsjn8x,Default Response Set,Anonymous,,,74.126.235.90,0,2014-07-23 04:27:31,2014-07-23 04:29:07,1,1,24,,2,1,9,,1,26,28,20,16,5,5,7,4,7,7,7,1,46,8,8,22,27,13,7,1,7,7,3,7,7,5,7,6,7,4,5,1,7,34,A13W8W81TPORYZ,1,Chrome,36.0.1985.125,Windows NT 6.1,1600x900,14.0.0,1,"Mozilla/5.0 (Windows NT 6.1; WOW64) AppleWebKit/537.36 (KHTML, like Gecko) Chrome/36.0.1985.125 Safari/537.36",34.137893676758,-118.02590179443,-1,
R_5jpObTNo23Hcmih,Default Response Set,Anonymous,,,98.210.196.98,0,2014-07-23 04:29:33,2014-07-23 04:30:00,1,1,25,,2,1,10,1,,,,,,,,,,,,,,,,,,,,,,,,,,,,,,,,,,,,,,,,,,,,,37.748397827148,-122.4156036377,-1,
R_cMDnezri4Vd6hyR,Default Response Set,Anonymous,,,24.205.82.204,0,2014-07-23 04:29:03,2014-07-23 04:31:17,1,1,26,,1,1,9,,1,26,28,20,16,7,4,6,4,7,7,7,1,45,6,6,20,27,13,7,1,2,6,6,6,6,6,6,6,6,1,6,1,6,34,A3URSY316O7QKA,1,Chrome,36.0.1985.125,Windows NT 6.1,1768x992,14.0.0,1,"Mozilla/5.0 (Windows NT 6.1; WOW64) AppleWebKit/537.36 (KHTML, like Gecko) Chrome/36.0.1985.125 Safari/537.36",34.200500488281,-118.13619995117,-1,
R_6WG0Jx2sv9j1KQt,Default Response Set,Anonymous,,,24.251.154.73,0,2014-07-23 04:29:21,2014-07-23 04:31:22,1,1,24,,1,1,9,,1,25,27,18,15,7,3,7,3,7,6,6,1,45,6,6,20,27,13,6,1,2,6,2,2,3,6,6,5,5,1,6,1,7,33,ALEJV7D94ZLHF,1,Chrome,36.0.1985.125,Windows NT 6.1,1440x900,14.0.0,1,"Mozilla/5.0 (Windows NT 6.1; WOW64) AppleWebKit/537.36 (KHTML, like Gecko) Chrome/36.0.1985.125 Safari/537.36",32.213195800781,-110.88729858398,-1,
R_entKRpxx4hGteN7,Default Response Set,Anonymous,,,174.130.157.76,0,2014-07-23 04:28:54,2014-07-23 04:31:51,1,1,19,,1,1,9,,1,23,27,17,12,5,2,3,2,5,4,3,1,44,3,4,19,28,14,7,1,5,2,2,1,4,3,2,4,2,5,3,1,6,31,A1ITXKGZFE36LK,1,Chrome,35.0.1916.153,Windows NT 6.2,1600x900,14.0.0,1,"Mozilla/5.0 (Windows NT 6.2; WOW64) AppleWebKit/537.36 (KHTML, like Gecko) Chrome/35.0.1916.153 Safari/537.36",32.621002197266,-83.599899291992,-1,
R_e5qmLEuuIclarKB,Default Response Set,Anonymous,,,76.124.133.217,0,2014-07-23 04:29:12,2014-07-23 04:32:03,1,1,26,,1,1,9,,1,24,27,18,12,7,5,7,6,7,7,7,1,45,5,6,20,25,12,6,1,5,3,4,4,4,5,3,4,4,3,5,1,6,30,A1UUNYHX3M8O3O,1,Firefox,30.0,Windows NT 6.3,1536x864,14.0.0,1,Mozilla/5.0 (Windows NT 6.3; WOW64; rv:30.0) Gecko/20100101 Firefox/30.0,40.226196289062,-75.293098449707,-1,
R_1BoGohdfREfz9yZ,Default Response Set,Anonymous,,,174.26.57.128,0,2014-07-23 04:31:00,2014-07-23 04:32:03,1,1,27,1,,,,,,,,,,,,,,,,,,,,,,,,,,,,,,,,,,,,,,,,,,,,,,,,,33.448394775391,-112.07399749756,-1,
R_diNte1wYmTn6DQx,Default Response Set,Anonymous,,,68.42.111.8,0,2014-07-23 04:28:35,2014-07-23 04:32:14,1,1,22,,1,1,9,,1,26,28,20,16,7,7,7,7,7,7,7,1,46,6,6,21,28,14,7,1,6,7,7,7,7,7,7,7,6,1,7,1,7,34,ASQS24ZNWHBK6,1,Firefox,30.0,Windows NT 6.1,1366x768,14.0.0,1,Mozilla/5.0 (Windows NT 6.1; WOW64; rv:30.0) Gecko/20100101 Firefox/30.0,42.745300292969,-83.272598266602,-1,
R_8ogz3pPB57pRa17,Default Response Set,Anonymous,,,98.224.6.104,0,2014-07-23 04:29:43,2014-07-23 04:32:39,1,1,23,,2,1,9,,1,25,27,19,16,6,4,6,3,5,6,6,1,46,3,5,21,26,13,6,1,3,5,3,5,5,5,5,5,5,3,5,1,6,32,A2673M73FNHVB7,1,Chrome,36.0.1985.125,Windows NT 6.1,1920x1080,14.0.0,1,"Mozilla/5.0 (Windows NT 6.1; WOW64) AppleWebKit/537.36 (KHTML, like Gecko) Chrome/36.0.1985.125 Safari/537.36",38.149795532227,-120.45460510254,-1,
R_86bCUHDflaCZcJD,Default Response Set,Anonymous,,,76.98.9.147,0,2014-07-23 04:29:04,2014-07-23 04:32:51,1,1,25,,1,1,9,,1,26,28,20,15,7,4,7,4,7,6,6,1,46,7,7,21,28,14,7,1,3,7,4,4,6,6,6,6,6,2,2,1,7,33,A2XZ9RU7OGSZLF,1,Firefox,30.0,Windows NT 6.1,1600x900,14.0.0,0,Mozilla/5.0 (Windows NT 6.1; WOW64; rv:30.0) Gecko/20100101 Firefox/30.0,39.923904418945,-75.620300292969,-1,
R_efaAgNjlRKkg4CN,Default Response Set,Anonymous,,,98.160.190.227,0,2014-07-23 04:29:45,2014-07-23 04:33:04,1,1,21,,2,1,9,,1,26,28,20,16,7,7,7,4,7,7,7,1,46,6,7,21,28,14,7,1,3,7,4,4,6,4,7,6,6,3,4,1,6,31,A2HMT5CPOD9Y4A,1,Chrome,36.0.1985.125,Windows NT 6.1,1440x900,14.0.0,1,"Mozilla/5.0 (Windows NT 6.1; WOW64) AppleWebKit/537.36 (KHTML, like Gecko) Chrome/36.0.1985.125 Safari/537.36",36.272903442383,-115.13330078125,-1,
R_e8uwkCf2cZq9KMB,Default Response Set,Anonymous,,,76.177.133.165,0,2014-07-23 04:30:17,2014-07-23 04:33:04,1,1,24,,1,1,9,,1,26,28,20,16,7,5,7,3,7,7,7,1,46,7,7,21,28,14,7,1,3,7,4,4,7,7,7,7,7,4,7,1,7,34,ADYNBOYRPQDEE,1,Chrome,36.0.1985.125,Windows NT 6.1,1600x900,14.0.0,1,"Mozilla/5.0 (Windows NT 6.1; WOW64) AppleWebKit/537.36 (KHTML, like Gecko) Chrome/36.0.1985.125 Safari/537.36",37.574203491211,-84.269996643066,-1,
R_02E2Wgy34L2SEex,Default Response Set,Anonymous,,,97.88.148.97,0,2014-07-23 04:30:01,2014-07-23 04:33:24,1,1,20,,2,1,9,,1,26,28,20,16,7,5,7,5,7,7,7,1,45,6,8,21,28,14,7,1,1,7,7,7,7,7,7,7,7,7,7,1,7,34,A2RUIJOSI0U2HE,1,Firefox,30.0,Windows NT 6.1,1366x768,14.0.0,1,Mozilla/5.0 (Windows NT 6.1; WOW64; rv:30.0) Gecko/20100101 Firefox/30.0,47.181503295898,-88.550399780273,-1,
R_2fzRrz85Bd1vo2x,Default Response Set,Anonymous,,,67.87.17.228,0,2014-07-23 04:31:04,2014-07-23 04:33:37,1,1,26,,1,1,9,,1,24,27,19,15,6,5,6,6,7,6,6,1,45,7,7,21,27,13,7,1,6,7,7,6,5,5,6,6,5,4,6,1,7,33,A6L8NPC9C2HUG,1,Safari,7.0.5,Macintosh,1920x1200,14.0.0,1,"Mozilla/5.0 (Macintosh; Intel Mac OS X 10_9_4) AppleWebKit/537.77.4 (KHTML, like Gecko) Version/7.0.5 Safari/537.77.4",40.436004638672,-74.485000610352,-1,
R_ctNCNqMeblDYUDP,Default Response Set,Anonymous,,,210.195.181.0,0,2014-07-23 04:31:48,2014-07-23 04:33:42,1,1,25,,1,1,9,,1,26,28,19,11,5,5,7,3,7,7,6,1,45,6,7,20,28,14,5,1,1,7,6,6,6,5,6,7,7,5,4,1,7,33,AI258R8HU53PT,1,Chrome,36.0.1985.125,Windows NT 6.1,1920x1080,14.0.0,1,"Mozilla/5.0 (Windows NT 6.1; WOW64) AppleWebKit/537.36 (KHTML, like Gecko) Chrome/36.0.1985.125 Safari/537.36",3.1667022705078,101.70001220703,-1,
R_ddmmceJ8KyMJSPH,Default Response Set,Anonymous,,,70.94.117.180,0,2014-07-23 04:30:20,2014-07-23 04:33:43,1,1,23,,1,1,9,,1,25,27,19,15,6,4,6,4,7,7,6,1,45,6,6,21,28,14,6,1,6,6,6,6,6,5,6,5,6,5,5,1,6,34,A30GZJ4OZK0C69,1,Chrome,36.0.1985.125,Windows NT 6.1,1680x1050,14.0.0,1,"Mozilla/5.0 (Windows NT 6.1; WOW64) AppleWebKit/537.36 (KHTML, like Gecko) Chrome/36.0.1985.125 Safari/537.36",39.269195556641,-94.389099121094,-1,
R_e8R2gM9w4U1Jbql,Default Response Set,Anonymous,,,66.57.39.65,0,2014-07-23 04:31:36,2014-07-23 04:34:44,1,1,23,,2,1,9,,1,26,28,20,16,7,5,7,5,7,7,7,1,46,6,8,21,28,14,7,1,3,7,4,7,5,5,7,6,7,3,6,1,7,34,A17PSXNR0WB2Z6,1,Chrome,36.0.1985.125,Macintosh,1280x800,14.0.0,1,"Mozilla/5.0 (Macintosh; Intel Mac OS X 10_7_5) AppleWebKit/537.36 (KHTML, like Gecko) Chrome/36.0.1985.125 Safari/537.36",35.913299560547,-79.159202575684,-1,
R_eRuqoywH8CLFORL,Default Response Set,Anonymous,,,174.52.5.58,0,2014-07-23 04:32:20,2014-07-23 04:34:54,1,1,21,,1,1,9,,1,25,28,19,15,6,4,7,3,6,6,6,1,45,6,5,20,27,14,6,1,5,5,3,3,5,2,5,5,5,4,5,1,7,33,A2ALWT2BUSXD83,1,Firefox,31.0,Windows NT 6.1,1360x768,14.0.0,1,Mozilla/5.0 (Windows NT 6.1; WOW64; rv:31.0) Gecko/20100101 Firefox/31.0,40.60969543457,-111.93910217285,-1,
R_3NU8fVxTMQvLFFH,Default Response Set,Anonymous,,,24.29.225.249,0,2014-07-23 04:29:45,2014-07-23 04:35:01,1,1,21,,1,1,9,,1,25,27,19,16,6,6,6,4,6,5,5,1,45,6,6,20,25,14,7,1,6,6,1,1,5,1,6,6,5,2,5,1,6,34,A17ZMF7GGP6HKO,1,Chrome,36.0.1985.125,Windows NT 6.1,1920x1080,14.0.0,1,"Mozilla/5.0 (Windows NT 6.1; WOW64) AppleWebKit/537.36 (KHTML, like Gecko) Chrome/36.0.1985.125 Safari/537.36",41.697204589844,-81.197402954102,-1,
R_bvgkeNJALNvmSLr,Default Response Set,Anonymous,,,50.186.76.160,0,2014-07-23 04:33:32,2014-07-23 04:35:23,1,1,23,,1,1,9,,1,26,28,20,16,7,7,7,7,7,7,7,1,46,7,7,21,27,13,6,1,7,7,7,7,7,7,7,7,7,1,1,1,7,34,A1J3ZOJFQWNIN1,1,Chrome,36.0.1985.125,Windows NT 6.1,1024x768,14.0.0,1,"Mozilla/5.0 (Windows NT 6.1; WOW64) AppleWebKit/537.36 (KHTML, like Gecko) Chrome/36.0.1985.125 Safari/537.36",40.717407226562,-111.55339813232,-1,
R_eFIxGjMbD1L91ml,Default Response Set,Anonymous,,,23.228.64.94,0,2014-07-23 04:32:48,2014-07-23 04:35:36,1,1,23,,2,1,9,,1,26,28,19,15,5,5,6,4,5,5,5,1,47,8,5,22,27,12,5,1,5,1,4,4,5,4,5,5,5,4,4,1,6,32,A2TDLLB8JTZGBN,1,Chrome,36.0.1985.125,Windows NT 6.1,1600x900,14.0.0,1,"Mozilla/5.0 (Windows NT 6.1; WOW64) AppleWebKit/537.36 (KHTML, like Gecko) Chrome/36.0.1985.125 Safari/537.36",34.011505126953,-117.85350036621,-1,
R_5pOkN2ED4beenyd,Default Response Set,Anonymous,,,76.184.162.110,0,2014-07-23 04:31:32,2014-07-23 04:35:42,1,1,22,,1,1,9,,1,26,28,19,16,7,6,7,4,7,6,7,1,45,3,6,21,27,13,5,1,2,6,3,5,5,1,6,5,6,2,6,1,7,34,A2RGVPOAYEEC7K,1,Chrome,36.0.1985.125,Windows NT 6.1,1360x768,14.0.0,1,"Mozilla/5.0 (Windows NT 6.1; WOW64) AppleWebKit/537.36 (KHTML, like Gecko) Chrome/36.0.1985.125 Safari/537.36",32.972198486328,-96.737602233887,-1,
R_8hLTtITRVKG8KWh,Default Response Set,Anonymous,,,98.233.73.51,0,2014-07-23 04:33:16,2014-07-23 04:36:41,1,1,20,,1,1,9,,1,26,28,20,16,6,5,7,2,7,7,7,1,46,7,7,21,28,14,7,1,1,7,1,1,7,7,7,7,7,4,4,1,7,34,A2DQ1VB93ZKWF2,1,Chrome,36.0.1985.125,Macintosh,1440x900,14.0.0,1,"Mozilla/5.0 (Macintosh; Intel Mac OS X 10_9_4) AppleWebKit/537.36 (KHTML, like Gecko) Chrome/36.0.1985.125 Safari/537.36",39.367004394531,-76.671897888184,-1,
R_e9cJAfYrysheVhj,Default Response Set,Anonymous,,,50.156.25.160,0,2014-07-23 04:34:12,2014-07-23 04:37:15,1,1,20,,1,1,9,,1,26,28,20,15,5,4,6,3,6,6,5,1,45,6,6,20,27,13,6,1,3,6,6,6,6,6,6,6,6,3,6,1,6,33,A3G2AQM5CPACH4,1,Chrome,36.0.1985.125,Macintosh,1440x900,14.0.0,1,"Mozilla/5.0 (Macintosh; Intel Mac OS X 10_9_3) AppleWebKit/537.36 (KHTML, like Gecko) Chrome/36.0.1985.125 Safari/537.36",37.670394897461,-121.93740081787,-1,
R_cNN8TkQYAjcGRq5,Default Response Set,Anonymous,,,173.25.197.102,0,2014-07-23 04:28:09,2014-07-23 04:37:55,1,1,26,,2,1,9,,1,26,28,20,16,7,4,7,4,7,7,7,1,46,6,6,21,28,14,7,1,3,7,5,5,5,4,7,7,7,5,4,1,7,34,A19XD59H4AC4DB,1,Firefox,30.0,Windows NT 6.1,1366x768,12.0.0,0,Mozilla/5.0 (Windows NT 6.1; WOW64; rv:30.0) Gecko/20100101 Firefox/30.0,42.029998779297,-93.59049987793,-1,
R_6QJ8R8SSTo7MXn7,Default Response Set,Anonymous,,,70.188.168.129,0,2014-07-23 04:30:51,2014-07-23 04:39:35,1,1,20,,1,1,9,,1,26,28,20,16,7,5,7,7,7,7,7,1,46,8,7,21,28,14,7,1,2,7,5,5,7,2,7,6,7,1,1,1,1,34,A128AQPAJIQD4Z,1,Firefox,30.0,Windows NT 6.1,1366x768,14.0.0,1,Mozilla/5.0 (Windows NT 6.1; WOW64; rv:30.0) Gecko/20100101 Firefox/30.0,41.703704833984,-72.662803649902,-1,
R_4GzNHtK96oeLHxz,Default Response Set,Anonymous,,,99.135.166.206,0,2014-07-23 04:42:34,2014-07-23 04:45:16,1,1,24,,2,1,9,,1,26,28,20,16,7,7,7,4,7,7,5,1,46,7,7,21,28,14,7,1,5,7,5,5,7,3,7,7,7,5,3,1,7,34,A1US9EJYVBJG4E,1,Chrome,36.0.1985.125,Macintosh,1280x800,14.0.0,1,"Mozilla/5.0 (Macintosh; Intel Mac OS X 10_7_5) AppleWebKit/537.36 (KHTML, like Gecko) Chrome/36.0.1985.125 Safari/537.36",41.912506103516,-88.134803771973,-1,
R_894eDxwE5rdVZqd,Default Response Set,Anonymous,,,75.163.168.9,0,2014-07-23 04:50:37,2014-07-23 04:53:35,1,1,26,,2,1,9,,1,26,28,20,16,7,4,7,7,7,7,7,1,46,4,7,21,27,13,6,1,1,7,7,7,7,6,7,7,7,4,4,1,7,34,A1YQJGPW6E59Z8,1,MSIE,10.0,Windows NT 6.1,1093x614,14.0.0.145,1,Mozilla/5.0 (compatible; MSIE 10.0; Windows NT 6.1; WOW64; Trident/7.0; SLCC2; .NET CLR 2.0.50727; .NET CLR 3.5.30729; .NET CLR 3.0.30729; Media Center PC 6.0; MDDC; .NET4.0C; .NET4.0E),38.833892822266,-104.82140350342,-1,
R_eo0Hg5oGxXi2ekR,Default Response Set,Anonymous,,,73.44.52.87,0,2014-07-23 04:52:10,2014-07-23 04:55:46,1,1,19,,1,1,9,,1,26,28,20,16,7,7,7,5,7,7,7,1,46,6,7,21,28,13,7,1,3,7,6,3,7,3,6,5,6,1,5,1,7,33,A1LHA8HV1T6TCY,1,Chrome,36.0.1985.125,Windows NT 6.1,1366x768,14.0.0,1,"Mozilla/5.0 (Windows NT 6.1; WOW64) AppleWebKit/537.36 (KHTML, like Gecko) Chrome/36.0.1985.125 Safari/537.36",41.915298461914,-88.128700256348,-1,
R_82KYfjTLwf05VZj,Default Response Set,Anonymous,,,75.167.205.14,0,2014-07-24 11:09:16,2014-07-24 11:19:22,1,1,20,,2,1,9,,1,25,28,19,16,6,5,7,4,7,7,7,1,45,7,5,20,28,14,6,1,2,6,2,6,6,4,6,7,6,4,6,1,7,34,A1ODU4FZEE0XWF,1,Chrome,31.0.1650.63,Windows NT 6.1,1366x768,11.9.900,1,"Mozilla/5.0 (Windows NT 6.1; WOW64) AppleWebKit/537.36 (KHTML, like Gecko) Chrome/31.0.1650.63 Safari/537.36",42.00830078125,-91.644096374512,-1,
R_556z6kHpqpEID2t,Default Response Set,Anonymous,,,96.236.221.92,0,2014-07-24 11:49:38,2014-07-24 11:52:09,1,1,21,,2,1,9,,1,25,27,16,11,7,7,7,4,7,7,7,1,46,6,6,21,27,13,6,1,5,1,3,1,5,1,1,5,1,1,1,1,6,30,A2P53S6010KQBL,1,Chrome,36.0.1985.125,Windows NT 6.3,1366x768,14.0.0,1,"Mozilla/5.0 (Windows NT 6.3; WOW64) AppleWebKit/537.36 (KHTML, like Gecko) Chrome/36.0.1985.125 Safari/537.36",40.369003295898,-80.045700073242,-1,
R_7X0Zl3TIu8Uz9Sl,Default Response Set,Anonymous,,,24.166.63.64,0,2014-07-24 11:55:38,2014-07-24 11:56:20,1,1,26,,1,1,10,1,,,,,,,,,,,,,,,,,,,,,,,,,,,,,,,,,,,,,,,,,,,,,40.654998779297,-82.23380279541,-1,
R_2ocmvw4EWh4Si8d,Default Response Set,Anonymous,,,107.142.1.63,0,2014-07-24 12:00:25,2014-07-24 12:05:20,1,1,26,,2,1,9,,1,25,27,19,15,5,4,5,3,6,6,5,1,45,6,6,20,27,13,6,1,4,5,4,4,5,5,5,5,5,3,6,1,6,33,A3SAGB1IECGG1Y,1,Firefox,30.0,Windows NT 5.1,1280x800,11.9.900,1,Mozilla/5.0 (Windows NT 5.1; rv:30.0) Gecko/20100101 Firefox/30.0,33.448699951172,-82.321197509766,-1,
R_43jme0EKG7Ob62V,Default Response Set,Anonymous,,,66.87.124.168,0,2014-07-24 14:19:30,2014-07-24 14:26:04,1,1,23,,1,1,9,,1,25,28,20,15,6,3,7,1,7,7,7,1,46,6,7,21,28,14,7,1,2,7,6,7,7,7,7,7,7,2,6,1,7,34,A39W3PYK82IBAS,1,Chrome,31.0.1650.59,Linux,640x360,-1,1,"Mozilla/5.0 (Linux; Android 4.4.2; SPH-L720T Build/KOT49H) AppleWebKit/537.36 (KHTML, like Gecko) Chrome/31.0.1650.59 Mobile Safari/537.36",42.279296875,-71.416198730469,-1,
R_9HzcGB4romguBwh,Default Response Set,Anonymous,,,24.176.154.5,0,2014-07-24 15:47:41,2014-07-24 15:51:35,1,1,26,,2,1,9,,1,20,43,14,10,1,1,6,1,4,2,1,1,46,6,6,21,28,14,7,1,7,1,1,1,1,6,1,1,1,6,1,1,6,29,A225FVGETXRWF1,1,Chrome,36.0.1985.125,Windows NT 6.1,1600x900,14.0.0,1,"Mozilla/5.0 (Windows NT 6.1; WOW64) AppleWebKit/537.36 (KHTML, like Gecko) Chrome/36.0.1985.125 Safari/537.36",35.500305175781,-85.00309753418,-1,
R_2gYuJNs4nf04xox,Default Response Set,Anonymous,,,204.77.252.6,0,2014-07-24 17:20:39,2014-07-24 17:25:43,1,1,22,,1,1,9,,1,26,28,20,15,6,6,7,5,7,7,6,1,46,7,7,21,28,14,7,1,1,7,5,6,6,7,6,7,7,1,5,1,7,33,A35NGSFBZ8GU40,1,Chrome,35.0.1916.153,Windows NT 6.1,1366x768,14.0.0,1,"Mozilla/5.0 (Windows NT 6.1; WOW64) AppleWebKit/537.36 (KHTML, like Gecko) Chrome/35.0.1916.153 Safari/537.36",33.748992919922,-84.388000488281,-1,
R_9vIMPnAcSIOG3OZ,Default Response Set,Anonymous,,,68.156.159.10,0,2014-07-24 19:27:48,2014-07-24 19:30:27,1,1,24,,2,1,9,,1,25,27,19,15,7,5,7,6,7,6,7,1,46,7,7,21,28,14,7,1,2,6,4,4,6,6,7,7,7,7,5,1,7,34,A30E8O88VM06HY,1,Chrome,35.0.1916.153,Windows NT 5.1,1280x1024,14.0.0,1,"Mozilla/5.0 (Windows NT 5.1) AppleWebKit/537.36 (KHTML, like Gecko) Chrome/35.0.1916.153 Safari/537.36",38,-97,-1,
R_bQQEyhkIAyE99xr,Default Response Set,Anonymous,,,134.29.16.228,0,2014-07-24 19:28:49,2014-07-24 19:35:08,1,1,22,,1,1,9,,1,24,27,19,12,5,3,6,3,6,5,6,1,45,4,6,20,27,12,5,1,5,4,4,2,4,3,4,4,4,3,5,1,2,29,A1DOR8572EPQO2,1,Firefox,24.0,Windows NT 6.1,1280x1024,14.0.0,0,Mozilla/5.0 (Windows NT 6.1; rv:24.0) Gecko/20100101 Firefox/24.0,44.130798339844,-94,-1,
R_0UJtuYsOWisZLmd,Default Response Set,Anonymous,,,108.182.27.253,0,2014-07-24 21:08:07,2014-07-24 21:18:25,1,1,26,,1,1,9,,1,26,28,20,16,7,6,7,5,7,7,7,1,46,5,6,21,27,14,7,1,1,7,7,7,7,4,7,1,7,1,2,1,7,34,A17VC7YB71IG0A,1,Firefox,30.0,Macintosh,1280x800,14.0.0,1,Mozilla/5.0 (Macintosh; Intel Mac OS X 10.7; rv:30.0) Gecko/20100101 Firefox/30.0,40.735397338867,-73.878303527832,-1,
R_4ZbjoD1DzHb6hPT,Default Response Set,Anonymous,,,174.237.38.237,0,2014-07-25 02:41:07,2014-07-25 02:45:17,1,1,21,,2,1,9,,1,26,28,20,16,7,5,7,5,7,7,7,1,46,7,7,21,28,14,7,1,2,7,7,7,7,7,7,7,7,1,1,1,7,34, A1TDBBHA9P4X4P,1,Chrome,35.0.1916.153,Windows NT 6.1,1366x768,14.0.0,1,"Mozilla/5.0 (Windows NT 6.1; WOW64) AppleWebKit/537.36 (KHTML, like Gecko) Chrome/35.0.1916.153 Safari/537.36",34.856399536133,-82.024002075195,-1,
R_7Og22qwY3HZC8JL,Default Response Set,Anonymous,,,71.196.58.59,0,2014-07-25 02:48:49,2014-07-25 02:51:08,1,1,19,,1,1,9,,1,26,28,20,16,7,5,7,4,7,6,7,1,46,5,6,21,27,14,7,1,6,7,1,2,7,5,7,6,7,1,5,1,7,34,A3J5FG2II9VHDU,1,Chrome,36.0.1985.125,Windows NT 6.3,1920x1080,14.0.0,1,"Mozilla/5.0 (Windows NT 6.3; WOW64) AppleWebKit/537.36 (KHTML, like Gecko) Chrome/36.0.1985.125 Safari/537.36 OPR/23.0.1522.60",26.297698974609,-80.177597045898,-1,
R_2a66lyj3QVwjfpz,Default Response Set,Anonymous,,,99.92.193.56,0,2014-07-25 04:45:10,2014-07-25 04:47:22,1,1,26,,1,1,9,,1,26,27,19,16,7,5,6,5,4,6,7,1,46,7,5,20,27,11,6,1,5,5,5,3,5,3,5,2,5,5,3,1,6,32,A1J3M4XC3O6ZUI,1,Chrome,35.0.1916.153,Windows NT 6.1,1366x768,14.0.0,1,"Mozilla/5.0 (Windows NT 6.1) AppleWebKit/537.36 (KHTML, like Gecko) Chrome/35.0.1916.153 Safari/537.36",44.059906005859,-88.527801513672,-1,
R_2aZSDAsASCKowfP,Default Response Set,Anonymous,,,134.228.152.200,0,2014-07-25 07:53:45,2014-07-25 07:58:50,1,1,20,,2,1,9,,1,26,28,20,16,7,1,7,4,7,7,7,1,46,8,7,21,28,14,7,1,1,7,7,7,7,7,7,7,7,7,7,1,7,34,A196YAX6XMS4R6,1,Chrome,36.0.1985.125,Windows NT 6.1,1600x900,14.0.0,1,"Mozilla/5.0 (Windows NT 6.1; WOW64) AppleWebKit/537.36 (KHTML, like Gecko) Chrome/36.0.1985.125 Safari/537.36",41.692993164062,-83.72730255127,-1,
R_38a5k7Q3Rw9D3RX,Default Response Set,Anonymous,,,122.174.181.42,0,2014-07-18 14:18:19,2014-07-18 14:19:29,0,1,29,,,,,,,,,,,,,,,,,,,,,,,,,,,,,,,,,,,,,,,,,,,,,,,,,,,,-1,
R_4IQ8DDs1hlsZ1tP,Default Response Set,Anonymous,,,42.104.61.246,0,2014-07-18 14:53:45,2014-07-18 14:54:15,0,1,29,,,,,,,,,,,,,,,,,,,,,,,,,,,,,,,,,,,,,,,,,,,,,,,,,,,,-1,
R_6RQNFltfWi09fmJ,Default Response Set,Anonymous,,,50.30.143.8,0,2014-07-25 16:11:53,2014-07-25 16:15:30,1,1,21,,1,1,9,,1,25,28,19,15,5,4,6,3,7,6,6,1,45,7,7,20,27,14,6,1,5,5,3,5,6,6,6,7,5,2,3,1,6,33,A15PHL4MXNUMJ5,1,Firefox,30.0, Ubuntu,1280x800,11.2.202,0,Mozilla/5.0 (X11; Ubuntu; Linux x86_64; rv:30.0) Gecko/20100101 Firefox/30.0,40.112503051758,-88.242599487305,-1,
R_248tUbP1Y9chNbL,Default Response Set,Anonymous,,,101.63.86.100,0,2014-07-18 16:10:16,2014-07-18 16:18:40,0,1,24,,1,2,9,,,,,,,,,,,,,,,,,,,,,,,,,,,,,,,,,,,,,,,,,,,,,,,,-1,
R_0eSOmJqi6icZZOd,Default Response Set,Anonymous,,,117.222.149.38,0,2014-07-18 16:28:23,2014-07-18 16:29:04,0,1,33,,,,,,,,,,,,,,,,,,,,,,,,,,,,,,,,,,,,,,,,,,,,,,,,,,,,-1,
R_eLkdlJKIVR7HFsh,Default Response Set,Anonymous,,,180.215.50.228,0,2014-07-18 17:19:06,2014-07-18 17:20:07,0,1,27,,,,,,,,,,,,,,,,,,,,,,,,,,,,,,,,,,,,,,,,,,,,,,,,,,,,-1,
R_24cqaKGUwrkqu2N,Default Response Set,Anonymous,,,117.221.174.251,0,2014-07-18 17:46:52,2014-07-18 17:48:10,0,1,26,,1,2,9,,1,24,27,19,15,7,7,7,7,7,7,7,1,46,5,5,21,27,13,6,,,,,,,,,,,,,,,,,,,,,,,,,,,-1,
R_3NPsjueXfT78Qsd,Default Response Set,Anonymous,,,66.191.26.58,0,2014-07-25 19:35:07,2014-07-25 19:40:49,1,1,20,,1,1,9,,1,26,28,20,16,7,5,7,2,7,6,6,1,45,6,6,21,27,13,7,1,4,7,4,4,7,5,6,7,6,5,5,1,6,34,A3HPR30ZUUYIN2,1,Chrome,36.0.1985.125,Windows NT 6.0,1024x768,14.0.0,1,"Mozilla/5.0 (Windows NT 6.0) AppleWebKit/537.36 (KHTML, like Gecko) Chrome/36.0.1985.125 Safari/537.36",42.37939453125,-123.3983001709,-1,
R_em8j8dJ4IalJlxX,Default Response Set,Anonymous,,,24.2.3.49,0,2014-07-25 20:36:12,2014-07-25 20:48:49,1,1,26,,1,1,9,,1,21,44,15,10,6,6,4,6,5,5,5,1,42,2,3,17,23,11,2,1,4,2,1,2,2,2,2,2,1,5,5,1,6,30,A1Z06ZFPNC1YGM,1,Firefox,30.0,Windows NT 6.1,1280x720,14.0.0,1,Mozilla/5.0 (Windows NT 6.1; WOW64; rv:30.0) Gecko/20100101 Firefox/30.0,39.091094970703,-94.415496826172,-1,
R_2hEQNS33qFmtQBn,Default Response Set,Anonymous,,,124.123.94.96,0,2014-07-18 22:38:45,2014-07-18 22:41:24,0,1,26,,1,2,10,,,,,,,,,,,,,,,,,,,,,,,,,,,,,,,,,,,,,,,,,,,,,,,,-1,
R_3f5di9YCKfYuDFX,Default Response Set,Anonymous,,,167.222.220.6,0,2014-07-25 23:12:18,2014-07-25 23:15:40,1,1,26,,2,1,9,,1,26,28,20,15,7,7,7,4,7,7,7,1,46,7,7,21,28,14,7,1,7,4,4,7,4,7,6,7,6,5,7,1,7,33,A54BYME9KK4P5,1,Chrome,36.0.1985.125,Windows NT 6.1,1280x1024,14.0.0,1,"Mozilla/5.0 (Windows NT 6.1) AppleWebKit/537.36 (KHTML, like Gecko) Chrome/36.0.1985.125 Safari/537.36",40.44059753418,-79.995903015137,-1,
R_2l80PDBRRodIsDz,Default Response Set,Anonymous,,,112.198.77.83,0,2014-07-19 02:38:33,2014-07-19 02:39:10,0,1,21,,2,2,10,,,,,,,,,,,,,,,,,,,,,,,,,,,,,,,,,,,,,,,,,,,,,,,,-1,
R_8prRQtMOUoGL8sB,Default Response Set,Anonymous,,,108.243.4.246,0,2014-07-26 06:31:15,2014-07-26 06:33:35,1,1,23,,1,1,9,,1,20,43,14,9,1,1,1,1,1,1,1,1,40,1,1,16,23,18,2,1,5,5,1,1,1,1,1,1,1,1,1,1,1,28,A423QQ5WN43B9,1,Chrome,36.0.1985.125,Windows NT 6.2,1280x1024,14.0.0,1,"Mozilla/5.0 (Windows NT 6.2; WOW64) AppleWebKit/537.36 (KHTML, like Gecko) Chrome/36.0.1985.125 Safari/537.36",41.946304321289,-87.812698364258,-1,
R_3TWO8tH1lywE63z,Default Response Set,Anonymous,,,72.208.122.27,0,2014-07-26 06:40:21,2014-07-26 06:46:06,1,1,26,,2,1,9,,1,26,28,20,16,7,7,7,7,7,7,7,1,46,2,5,21,28,14,7,1,2,7,7,7,7,6,7,7,7,3,2,1,6,31,A3A3D8H4U1KQ69,1,Firefox,30.0,Macintosh,1440x900,14.0.0,1,Mozilla/5.0 (Macintosh; Intel Mac OS X 10.9; rv:30.0) Gecko/20100101 Firefox/30.0,33.623794555664,-112.00399780273,-1,
R_8HDbj5piWcpTbdb,Default Response Set,Anonymous,,,122.172.190.104,0,2014-07-19 07:40:46,2014-07-19 07:41:29,0,1,25,,2,2,10,,,,,,,,,,,,,,,,,,,,,,,,,,,,,,,,,,,,,,,,,,,,,,,,-1,
R_9Kvk7WJq5sBYo6N,Default Response Set,Anonymous,,,61.3.142.162,8,2014-07-19 13:11:38,2014-07-19 13:11:57,0,1,25,,2,2,10,,,,,,,,,,,,,,,,,,,,,,,,,,,,,,,,,,,,,,,,,,,,,,,,-1,
R_5iKGOEMN4xKGxQF,Default Response Set,Anonymous,,,106.208.100.97,0,2014-07-19 17:41:14,2014-07-19 17:45:27,0,1,31,,,,,,,,,,,,,,,,,,,,,,,,,,,,,,,,,,,,,,,,,,,,,,,,,,,,-1,
R_6gn7m3SckSVrIPP,Default Response Set,Anonymous,,,71.246.21.59,0,2014-07-26 18:09:15,2014-07-26 18:09:40,1,1,18,,1,1,10,1,,,,,,,,,,,,,,,,,,,,,,,,,,,,,,,,,,,,,,,,,,,,,39.867095947266,-75.711898803711,-1,
R_eJOR7NN2wwMwwfj,Default Response Set,Anonymous,,,117.221.167.211,0,2014-07-19 19:14:37,2014-07-19 19:30:52,0,1,25,,1,2,9,,1,25,27,19,15,5,5,7,5,7,7,7,,,,,,,,,,,,,,,,,,,,,,,,,,,,,,,,,,,-1,
R_ahfIKCJV2iitWOV,Default Response Set,Anonymous,,,75.14.210.188,0,2014-07-26 20:05:38,2014-07-26 20:09:12,1,1,26,,1,1,9,,1,26,28,20,14,6,7,6,6,7,6,7,1,46,8,8,22,27,12,6,1,2,7,2,2,7,5,7,2,5,1,3,1,7,34,A2QK61Z7WL7HL5,1,Firefox,29.0,Windows NT 6.0,1360x768,14.0.0,0,Mozilla/5.0 (Windows NT 6.0; WOW64; rv:29.0) Gecko/20100101 Firefox/29.0,39.529602050781,-119.81379699707,-1,
R_9FWJvq3pPGjyNCt,Default Response Set,Anonymous,,,173.189.178.14,0,2014-07-26 20:26:11,2014-07-26 20:29:14,1,1,22,,2,1,9,,1,26,28,20,16,7,7,7,7,7,7,7,1,46,6,7,21,27,13,6,1,7,7,1,1,7,1,7,7,7,1,1,1,7,34,A1YV7AK40RQF5D,1,Firefox,30.0,Macintosh,1366x768,14.0.0,1,Mozilla/5.0 (Macintosh; Intel Mac OS X 10.9; rv:30.0) Gecko/20100101 Firefox/30.0,35.116806030273,-80.723701477051,-1,
R_9ZfvtckCCgUVOlv,Default Response Set,Anonymous,,,97.126.50.49,0,2014-07-26 20:37:55,2014-07-26 20:40:00,1,1,23,,1,1,9,,1,25,27,20,15,5,3,5,6,6,7,7,1,45,7,6,20,26,13,6,1,3,5,6,5,5,5,7,3,3,4,4,1,5,32, A2CK0OXMPOR9LE,1,Chrome,36.0.1985.125,Macintosh,1280x800,14.0.0,1,"Mozilla/5.0 (Macintosh; Intel Mac OS X 10_9_4) AppleWebKit/537.36 (KHTML, like Gecko) Chrome/36.0.1985.125 Safari/537.36",47.310104370117,-122.20420074463,-1,
R_cI0u7gCft5vg5eJ,Default Response Set,Anonymous,,,50.129.196.180,0,2014-07-26 20:40:52,2014-07-26 20:43:38,1,1,21,,1,1,9,,1,26,28,20,16,7,5,7,4,7,7,7,1,46,5,6,21,28,14,6,1,1,7,7,7,7,6,7,7,7,5,6,1,7,34,A64BOVRVYV1GP,1,MSIE,10.0,Windows NT 6.1,1360x768,14.0.0.145,1,Mozilla/5.0 (compatible; MSIE 10.0; Windows NT 6.1; WOW64; Trident/6.0; SLCC2; .NET CLR 2.0.50727; .NET CLR 3.5.30729; .NET CLR 3.0.30729; Media Center PC 6.0; .NET4.0C; McAfee; .NET4.0E),41.760604858398,-88.320098876953,-1,
R_6lDhzfmKrTUUPjL,Default Response Set,Anonymous,,,161.31.82.91,0,2014-07-26 20:42:33,2014-07-26 20:45:55,1,1,25,,1,1,9,,1,26,28,20,15,3,3,7,6,7,7,7,1,45,6,6,21,27,14,7,1,5,7,3,2,6,1,7,7,7,1,2,1,7,34,AQRI1E9W5268O,1,Firefox,30.0,Windows NT 5.1,1280x960,14.0.0,1,Mozilla/5.0 (Windows NT 5.1; rv:30.0) Gecko/20100101 Firefox/30.0,35.10530090332,-92.35489654541,-1,
R_d9Zsm6mv8zCaEyF,Default Response Set,Anonymous,,,184.155.179.35,0,2014-07-26 20:43:24,2014-07-26 20:46:13,1,1,24,,1,1,9,,1,26,28,20,16,5,5,5,5,7,7,6,1,46,4,4,21,27,13,6,1,7,7,7,7,7,7,7,7,7,7,7,1,7,34,A3BX7MIZ81VOD0,1,Firefox,30.0,Windows NT 6.1,1920x1080,14.0.0,0,Mozilla/5.0 (Windows NT 6.1; WOW64; rv:30.0) Gecko/20100101 Firefox/30.0,35.327499389648,-106.71769714355,-1,
R_8fhg3EwrQBJRNGZ,Default Response Set,Anonymous,,,98.167.104.225,0,2014-07-26 20:43:51,2014-07-26 20:48:12,1,1,22,,1,1,9,,1,26,28,20,16,7,4,7,2,7,7,7,1,46,3,3,20,28,14,7,1,2,7,7,7,7,6,7,7,7,2,7,1,7,34,AGTV2SNFKXB11,1,Firefox,31.0,Windows NT 6.1,1366x768,14.0.0,1,Mozilla/5.0 (Windows NT 6.1; WOW64; rv:31.0) Gecko/20100101 Firefox/31.0,36.098297119141,-114.90689849854,-1,
R_56GB7cPIe3EdT8N,Default Response Set,Anonymous,,,67.253.49.32,0,2014-07-26 20:44:54,2014-07-26 20:48:19,1,1,23,,1,1,9,,1,26,28,20,16,7,5,7,4,7,7,6,1,46,3,6,21,28,14,7,1,3,7,2,2,7,6,7,6,7,6,7,1,1,28,AU8K2839VXTOQ,1,Chrome,35.0.1916.153,Windows NT 6.1,1680x1050,14.0.0,1,"Mozilla/5.0 (Windows NT 6.1; WOW64) AppleWebKit/537.36 (KHTML, like Gecko) Chrome/35.0.1916.153 Safari/537.36",44.883102416992,-68.671997070312,-1,
R_dg3oLgFooLEl0tT,Default Response Set,Anonymous,,,67.3.201.152,0,2014-07-26 20:48:03,2014-07-26 20:50:22,1,1,22,,1,1,9,,1,26,28,20,16,6,4,7,6,7,7,7,1,47,6,7,22,28,14,7,1,7,7,4,7,7,4,7,7,7,4,4,1,7,33,A3R25SV8HUGML2,1,Chrome,36.0.1985.125,Windows NT 6.3,1920x1080,14.0.0,1,"Mozilla/5.0 (Windows NT 6.3; WOW64) AppleWebKit/537.36 (KHTML, like Gecko) Chrome/36.0.1985.125 Safari/537.36",41.258605957031,-95.937797546387,-1,
R_7TY8T060H8470Pj,Default Response Set,Anonymous,,,98.248.99.216,0,2014-07-26 20:47:35,2014-07-26 20:50:42,1,1,20,,1,1,9,,1,25,27,19,15,7,7,7,7,7,7,7,1,46,7,7,21,27,13,6,1,2,5,6,5,6,6,5,6,5,3,2,1,6,33,AA9PW65NC1SK5,1,Chrome,36.0.1985.125,Windows NT 6.1,1680x1050,14.0.0,1,"Mozilla/5.0 (Windows NT 6.1; WOW64) AppleWebKit/537.36 (KHTML, like Gecko) Chrome/36.0.1985.125 Safari/537.36",37.429901123047,-121.77830505371,-1,
R_bgvU4nuUo4nIH89,Default Response Set,Anonymous,,,174.101.49.180,0,2014-07-26 20:51:57,2014-07-26 20:54:41,1,1,25,,1,1,9,,1,20,43,14,10,2,4,4,2,3,3,2,1,42,3,2,18,28,14,7,1,6,1,1,1,1,4,1,1,1,5,4,1,2,29,A32CMQGGTSUK6Z,1,Firefox,31.0,Windows NT 6.3,1920x1080,13.0.0,0,Mozilla/5.0 (Windows NT 6.3; WOW64; rv:31.0) Gecko/20100101 Firefox/31.0,39.892807006836,-82.958801269531,-1,
R_7V5xd415Aij0oGV,Default Response Set,Anonymous,,,24.247.47.45,0,2014-07-26 23:39:39,2014-07-26 23:41:50,1,1,23,,1,1,9,,1,24,46,16,11,6,5,7,3,7,6,6,1,45,6,5,19,27,11,5,1,5,5,2,5,2,3,5,2,3,3,6,1,6,29,A1XNXH5WGDXES5,1,Firefox,31.0,Windows NT 6.3,1280x1024,14.0.0,1,Mozilla/5.0 (Windows NT 6.3; WOW64; rv:31.0) Gecko/20100101 Firefox/31.0,46.628799438477,-87.479598999023,-1,
R_0J1SpTzC68W9iBv,Default Response Set,Anonymous,,,182.65.148.149,0,2014-07-20 01:26:57,2014-07-20 01:27:46,0,1,25,,1,2,9,,1,24,46,18,14,3,4,5,5,4,3,5,,,,,,,,,,,,,,,,,,,,,,,,,,,,,,,,,,,-1,
R_d7l6hMk4O07UyPz,Default Response Set,Anonymous,,,79.106.109.251,0,2014-07-21 16:20:30,2014-07-21 16:20:51,0,1,24,,2,1,9,,,,,,,,,,,,,,,,,,,,,,,,,,,,,,,,,,,,,,,,,,,,,,,,-1,
R_bskPwmfsTuhOj9X,Default Response Set,Anonymous,,,172.2.86.114,0,2014-07-23 04:32:34,2014-07-23 04:33:05,0,1,20,,1,1,10,,,,,,,,,,,,,,,,,,,,,,,,,,,,,,,,,,,,,,,,,,,,,,,,-1,
R_ex4QTxDQvZukqTr,Default Response Set,Anonymous,,,24.61.235.251,0,2014-07-23 04:49:34,2014-07-23 04:49:44,0,1,28,,,,,,,,,,,,,,,,,,,,,,,,,,,,,,,,,,,,,,,,,,,,,,,,,,,,-1,
R_emKYZ2uSjoHP4Gx,Default Response Set,Anonymous,,,66.91.90.53,0,2014-07-24 11:00:56,2014-07-24 11:02:29,0,1,24,,2,1,9,,,,,,,,,,,,,,,,,,,,,,,,,,,,,,,,,,,,,,,,,,,,,,,,-1,
R_7amCJV4sk7xMxRH,Default Response Set,Anonymous,,,97.73.83.85,0,2014-07-26 05:06:00,2014-07-26 05:06:56,0,1,22,,2,1,10,,,,,,,,,,,,,,,,,,,,,,,,,,,,,,,,,,,,,,,,,,,,,,,,-1,
R_3WWYKDw0a3ICpFP,Default Response Set,Anonymous,,,184.61.117.98,8,2014-07-26 16:23:05,2014-07-26 16:23:23,0,1,19,,2,1,10,,,,,,,,,,,,,,,,,,,,,,,,,,,,,,,,,,,,,,,,,,,,,,,,-1,
R_6igeTaTYel0eeLH,Default Response Set,Anonymous,,,70.171.240.67,0,2014-07-26 18:06:59,2014-07-26 18:07:37,0,1,28,,,,,,,,,,,,,,,,,,,,,,,,,,,,,,,,,,,,,,,,,,,,,,,,,,,,-1,
R_9EldPwx9Bytr0nH,Default Response Set,Anonymous,,,108.216.218.102,0,2014-07-26 22:56:49,2014-07-26 22:57:01,0,1,,,,,,,,,,,,,,,,,,,,,,,,,,,,,,,,,,,,,,,,,,,,,,,,,,,,,-1,
